t_sec,mem_available_mb
0,5344.4
1,5346.1
2,5348.0
4,5507.9
4,5508.7
6,5509.5
6,5514.1
8,5515.5
8,5518.8
9,5516.7
10,5512.2
11,4950.8
12,5204.6
13,5198.8
14,5193.1
15,5190.0
16,5187.3
17,5191.7
18,5194.8
19,5193.3
20,5191.8
21,5195.7
22,5197.6
23,5200.8
24,5203.5
25,5197.1
26,5194.8
27,5193.5
28,5189.6
29,4781.8
30,4782.5
31,4702.9
32,4701.6
34,4702.2
34,4704.0
36,4702.0
36,4705.0
38,4701.7
38,4703.3
40,4740.3
40,4740.1
42,4744.0
42,4742.6
44,4743.6
44,4745.9
46,4750.9
46,4750.0
48,4747.9
48,4747.1
50,4748.3
50,4748.9
52,4904.6
52,4900.4
54,4896.3
54,4895.8
56,4897.2
56,4898.7
58,4895.3
58,4895.6
60,4896.6
60,4899.0
62,4901.1
62,4901.1
64,4896.9
64,4682.1
66,4679.9
66,4680.6
68,4912.6
68,4913.4
70,4913.7
70,4912.1
72,4911.7
72,4911.1
74,4915.9
74,4915.6
76,4914.5
76,4915.7
78,4916.4
78,4918.2
80,4919.2
80,4918.5
82,4913.9
82,4913.6
84,4909.8
84,4904.7
86,4904.3
86,4903.8
88,4904.9
88,4905.5
90,4906.1
90,4907.2
92,4910.1
92,4917.4
94,4916.3
94,4919.3
96,4920.8
96,4919.7
98,4632.2
98,4630.5
100,4627.3
100,4620.5
102,4623.0
102,4620.5
104,4620.7
104,4619.2
106,4620.4
106,4621.4
108,4624.8
108,4628.5
110,4624.7
110,4621.6
112,4879.6
112,4883.8
114,4883.7
114,4879.0
116,4876.0
116,4222.8
118,4226.1
118,4234.0
120,4233.7
120,4174.3
122,4174.7
122,4027.3
124,4030.6
124,4030.9
126,4030.9
126,4027.3
128,4021.9
128,4017.8
130,4012.5
130,4008.7
132,4010.2
132,4010.3
134,4009.0
134,4009.8
136,4013.6
136,4124.8
138,4295.3
138,4271.1
140,4419.4
140,4553.4
142,4671.5
142,4773.6
144,4995.4
144,5050.8
146,5082.5
146,5087.4
148,5067.0
148,5028.2
150,4966.9
150,4872.6
152,4760.6
152,4629.7
154,4484.4
154,4326.2
156,4163.0
156,4004.0
158,3970.2
158,3969.6
160,3972.8
160,3973.2
162,3968.3
162,3968.3
164,3968.9
164,3974.1
166,3972.6
166,3960.0
168,3961.9
168,3962.6
170,3936.9
170,3936.4
172,3935.1
172,3930.4
174,3933.1
174,4360.5
176,4353.2
176,4351.2
178,4353.0
178,4356.5
180,4358.5
180,4361.5
182,4361.7
182,4363.2
184,4564.7
184,4566.6
186,4569.1
186,4567.1
188,4561.7
188,4560.5
190,4560.2
190,4559.5
192,4560.4
192,4873.1
194,4873.0
194,4870.2
196,4869.6
196,4869.3
198,4867.5
198,4867.6
200,4869.6
200,4869.2
202,4868.7
202,4869.1
204,4873.3
204,4874.7
206,4874.2
206,4875.0
208,4872.9
208,4870.1
210,4869.2
210,4869.1
212,4867.5
212,4867.8
214,4869.1
214,4868.8
216,4868.0
216,4871.9
218,4874.3
218,4877.2
220,4883.2
220,4884.0
222,4885.4
222,4886.8
224,4889.0
224,4885.0
226,4880.4
226,4881.4
228,4877.9
228,4878.3
230,4881.3
230,4880.4
232,4877.0
232,4878.4
234,4881.3
234,4877.4
236,4873.7
236,4871.1
238,4863.4
238,4858.4
240,4857.0
240,4855.0
242,4853.6
242,4857.4
244,4856.5
244,4855.5
246,4860.6
246,4864.1
248,4866.4
248,4865.7
250,4865.2
250,4865.1
252,4870.6
252,4874.1
254,4873.5
254,4872.5
256,4871.6
256,4873.8
258,4873.2
258,4868.9
260,4864.9
260,4862.0
262,4862.0
262,4863.7
264,4861.6
264,4863.8
266,4868.3
266,4873.9
268,4876.2
268,4876.6
270,4874.9
270,4871.8
272,4872.9
272,4868.9
274,4865.5
274,4861.4
276,4862.0
276,4864.1
278,4871.1
278,4876.2
280,4877.1
280,4877.7
282,4878.2
282,4880.8
284,4879.9
284,4876.9
286,4869.2
286,4864.7
288,4862.1
288,4862.9
290,4862.8
290,4858.8
292,5168.0
292,5169.9
294,5171.8
294,5171.0
296,5173.0
296,5174.0
298,5175.8
298,5177.4
300,5179.2
300,5181.8
302,5183.9
302,5187.8
304,5188.2
304,5187.2
306,5181.5
306,5178.2
308,5176.3
308,5175.8
310,5175.8
310,5173.7
312,5176.2
312,5177.2
314,5179.8
314,5181.9
316,5181.0
316,5176.7
318,5175.4
318,5178.5
320,5176.6
320,5176.4
322,5176.7
322,5176.1
324,5176.9
324,5178.5
326,5180.4
326,5178.5
328,5178.4
328,5179.8
330,5180.8
330,5183.7
332,5188.6
332,5188.5
334,5186.7
334,5184.7
336,5182.7
336,5179.6
338,5180.9
338,5179.2
340,5177.0
340,5174.7
342,5173.4
342,5170.4
344,5172.2
344,5170.7
346,5170.5
346,5174.1
348,5176.8
348,5177.8
350,5176.5
350,5180.4
352,5179.1
352,5179.1
354,5175.2
354,5692.0
356,5687.2
356,5686.1
358,5684.4
358,5684.7
360,5687.2
360,5689.9
362,5694.0
362,5696.9
364,5698.6
364,5700.0
366,5702.6
366,5702.8
368,5698.0
368,5695.8
370,5694.7
370,5693.2
372,5695.3
372,5698.4
374,5699.0
374,5698.9
376,5705.5
376,5707.9
378,5708.5
378,5706.7
380,5702.4
380,5696.3
382,5695.3
382,5695.0
384,5694.0
384,5696.2
386,5698.1
386,5703.5
388,5706.8
388,5714.1
390,5714.9
390,5714.1
392,5712.9
392,5710.7
394,5707.5
394,5700.6
396,5700.4
396,5700.5
398,5702.7
398,5701.1
400,5701.9
400,5700.6
402,5699.5
402,5703.8
404,5705.9
404,5702.2
406,5699.8
406,5703.5
408,5703.6
408,5705.9
410,5708.3
410,5709.1
412,5707.6
412,5707.3
414,5705.5
414,5704.9
416,5703.0
416,5703.2
418,5701.4
418,5697.4
420,5696.6
420,5305.6
422,5307.1
422,5176.8
424,5177.2
424,5174.8
426,5174.4
426,5176.1
428,5178.5
428,5177.7
430,5182.3
430,5180.7
432,5180.3
432,5181.4
434,5186.9
434,5188.5
436,5420.9
436,5175.3
438,5171.1
438,5177.1
440,5177.1
440,5416.2
442,5218.6
442,5219.9
444,5219.1
444,5223.2
446,5226.3
446,5225.8
448,5226.5
448,5228.0
450,5229.0
450,5228.6
452,5230.2
452,5224.2
454,5218.5
454,5215.5
456,5217.1
456,5215.6
458,5212.8
458,5214.6
460,5214.5
460,5215.5
462,5219.1
462,5220.0
464,5219.6
464,5220.2
466,5219.4
466,5216.5
468,5213.9
468,5220.5
470,5221.4
470,5221.6
472,5221.2
472,5218.9
474,5222.7
474,5222.6
476,5224.8
476,5220.0
478,5220.4
478,5219.4
480,5218.0
480,5225.8
482,5227.6
482,5226.4
484,5225.9
484,5226.0
486,5226.5
486,5228.4
488,5224.5
488,5217.5
490,5216.5
490,5219.0
492,5220.8
492,5224.2
494,5223.4
494,5221.3
496,5223.1
496,5223.4
498,5220.0
498,5219.0
500,5216.9
500,5212.9
502,5215.5
502,5217.4
504,5222.2
504,5222.9
506,5220.8
506,5215.8
508,5217.0
508,5215.9
510,5210.9
510,5211.8
512,5209.2
512,5206.9
514,5207.5
514,5209.4
516,5206.9
516,5205.2
518,5203.8
518,5197.4
520,5197.1
520,5193.9
522,5198.4
522,5416.6
524,5319.1
524,5321.7
526,5322.3
526,5324.5
528,5302.5
528,5307.0
530,5304.1
530,5308.1
532,5307.2
532,5310.0
534,5313.3
534,5316.8
536,5318.4
536,5321.3
538,5322.2
538,5322.0
540,5323.8
540,5319.9
542,5318.0
542,5315.2
544,5312.8
544,5311.7
546,5314.8
546,5314.3
548,5309.9
548,5311.1
550,5308.6
550,5308.8
552,5310.2
552,5311.3
554,5306.1
554,5301.8
556,5302.5
556,5303.2
558,5309.4
558,5312.6
560,5312.6
560,5311.6
562,5314.2
562,5317.6
564,5319.1
564,5319.4
566,5320.2
566,5321.9
568,5318.9
568,5316.7
570,5316.0
570,5317.2
572,5316.1
572,5319.0
574,5315.4
574,5311.2
576,5312.8
576,5315.8
578,5316.1
578,5317.1
580,5324.0
580,5325.3
582,5330.3
582,5332.1
584,5332.6
584,5333.2
586,5334.4
586,5332.0
588,5324.1
588,5250.5
590,5244.9
590,5245.4
592,5248.1
592,5247.4
594,5245.2
594,5244.6
596,5246.7
596,5245.7
598,5308.9
598,5309.5
600,5309.1
600,5309.5
602,5308.9
602,5309.5
604,5307.6
604,5308.1
606,5481.0
606,5177.5
608,5176.2
608,5177.4
610,5310.2
610,5313.7
612,5317.1
612,5315.6
614,5317.1
614,5318.9
616,5318.3
616,5491.8
618,5199.2
618,5196.3
620,5196.5
620,5198.7
622,5198.0
622,5421.5
624,5367.3
624,5365.7
626,5368.0
626,5367.9
628,5368.8
628,5369.9
630,5373.1
630,5376.8
632,5373.2
632,5373.3
634,5372.0
634,5371.3
636,5368.9
636,5365.7
638,5363.8
638,5362.8
640,5364.2
640,5365.9
642,5361.0
642,5364.1
644,5363.7
644,5367.7
646,5370.2
646,5368.7
648,5368.4
648,5365.7
650,5367.8
650,5366.8
652,5367.2
652,5365.9
654,5367.7
654,5370.4
656,5371.0
656,5375.3
658,5377.5
658,5378.3
660,5379.3
660,5378.5
662,5375.4
662,5376.4
664,5376.1
664,5521.9
666,5248.4
666,5244.5
668,5242.6
668,5244.7
670,5245.7
670,5448.6
672,5350.2
672,5352.7
674,5356.6
674,5359.1
676,5357.8
676,5359.2
678,5357.7
678,5353.7
680,5353.0
680,5353.6
682,5508.5
682,5214.6
684,5220.3
684,5219.3
686,5218.6
686,5220.5
688,5222.6
688,5218.6
690,5220.5
690,5220.7
692,5217.9
692,5217.0
694,5216.0
694,5214.0
696,5210.5
696,5213.7
698,5214.3
698,5212.8
700,5208.5
700,5205.8
702,5207.2
702,5212.5
704,5211.9
704,5211.7
706,5213.0
706,5215.7
708,5218.7
708,5219.8
710,5217.4
710,5211.8
712,5214.4
712,5214.0
714,5214.6
714,5223.6
716,5323.9
716,5440.7
718,5554.8
718,5880.4
720,5888.0
720,5888.0
722,5888.0
722,5636.1
724,5888.0
724,5888.0
726,5888.0
726,5888.0
728,5888.0
728,5888.0
730,5888.0
730,5888.0
732,5888.0
732,5845.3
734,5767.4
734,5680.1
736,5585.0
736,5478.6
738,5367.6
738,5249.4
740,5139.0
740,5117.3
742,5118.8
742,5119.5
744,5119.5
744,5119.9
746,5121.7
746,5124.7
748,5128.1
748,5125.6
750,5128.3
750,5127.1
752,5129.5
752,5128.4
754,5126.0
754,5126.6
756,5123.6
756,5124.8
758,5119.6
758,5120.4
760,5122.4
760,5123.8
762,5123.5
762,5121.9
764,5122.2
764,5125.0
766,5125.5
766,5124.5
768,5124.5
768,5124.8
770,5123.3
770,5125.7
772,5126.2
772,5120.0
774,5123.3
774,5126.4
776,5121.3
776,5120.8
778,5122.8
778,5119.4
780,5117.2
780,5122.2
782,5122.5
782,5188.1
784,4875.6
784,4874.0
786,4872.6
786,4874.1
788,4876.7
788,4874.2
790,4873.7
790,4981.6
792,4983.5
792,4988.6
794,4991.9
794,4994.0
796,4993.0
796,4999.3
798,5001.0
798,5007.8
800,5008.8
800,5007.1
802,5004.1
802,5003.5
804,5005.2
804,5005.0
806,5003.6
806,4996.4
808,4997.7
808,4999.2
810,4999.2
810,4996.3
812,4996.3
812,4996.6
814,4998.7
814,5002.5
816,5000.4
816,4998.1
818,5000.4
818,5005.0
820,5004.1
820,4999.6
822,4997.4
822,4996.5
824,4996.9
824,4994.6
826,4992.0
826,4988.2
828,4988.7
828,4994.0
830,4992.2
830,4992.8
832,5168.4
832,5169.3
834,5171.0
834,5170.4
836,5170.8
836,5169.6
838,5170.8
838,5173.1
840,5175.3
840,5175.2
842,5176.1
842,5176.7
844,5173.1
844,5171.2
846,5171.2
846,5170.8
848,5172.6
848,5179.1
850,5174.0
850,5174.2
852,5176.0
852,5176.5
854,5174.9
854,5170.4
856,5164.7
856,5158.9
858,5162.0
858,5164.6
860,5166.3
860,5167.3
862,5168.7
862,5165.2
864,5166.3
864,5164.6
866,5164.2
866,5164.4
868,5161.0
868,5158.5
870,5157.1
870,5164.3
872,5171.7
872,5174.5
874,5178.4
874,5179.7
876,5181.5
876,5182.7
878,5180.7
878,5178.4
880,5172.7
880,5171.0
882,5167.1
882,5162.5
884,5164.1
884,5165.2
886,5165.1
886,4362.6
888,4360.6
888,4361.4
890,4361.3
890,4360.4
892,4360.2
892,4362.1
894,4366.6
894,4368.2
896,4371.5
896,4372.0
898,4374.4
898,4379.1
900,4378.5
900,4379.6
902,4380.8
902,4380.0
904,4688.1
904,4686.0
906,4686.5
906,4685.4
908,4702.3
908,4706.5
910,4706.4
910,4703.2
912,4707.7
912,4707.3
914,4707.6
914,4706.2
916,4702.8
916,4696.5
918,4697.1
918,4699.5
920,4696.3
920,4695.9
922,4695.3
922,4695.5
924,4694.7
924,5051.4
926,4653.1
926,4654.9
928,4695.7
928,4695.8
930,4693.6
930,4693.0
932,4695.0
932,4692.7
934,4694.6
934,4695.5
936,4698.0
936,4702.6
938,4698.5
938,4697.5
940,4698.4
940,5051.8
942,5050.7
942,5049.7
944,5047.9
944,5043.8
946,4795.6
946,4796.6
948,4791.5
948,4905.3
950,4908.5
950,4600.9
952,4835.5
952,4841.6
954,4506.8
954,4505.8
956,4508.9
956,4510.2
958,4506.5
958,4507.2
960,4506.2
960,4501.2
962,4498.2
962,4844.7
964,4849.3
964,4848.7
966,4679.0
966,4678.5
968,4676.2
968,4671.8
970,4673.1
970,4674.2
972,4665.8
972,4667.3
974,4668.8
974,4669.5
976,4671.7
976,4678.6
978,4678.9
978,4676.9
980,4678.5
980,4677.5
982,4679.1
982,4678.8
984,4680.1
984,4677.6
986,4679.1
986,4681.1
988,4681.5
988,4681.9
990,4681.7
990,4682.8
992,4683.7
992,4687.6
994,4682.8
994,4686.6
996,4689.8
996,4690.9
998,4690.0
998,4687.8
1000,4689.9
1000,4688.3
1002,4689.4
1002,4684.4
1004,4683.5
1004,4681.7
1006,4677.7
1006,4677.3
1008,4671.0
1008,4665.1
1010,4662.8
1010,4665.5
1012,4668.7
1012,4672.3
1014,4680.4
1014,4683.4
1016,4685.7
1016,4691.5
1018,4833.9
1018,4831.9
1020,4832.1
1020,4829.0
1022,4827.4
1022,4826.1
1024,4391.8
1024,4391.9
1026,4391.3
1026,4393.5
1028,4586.3
1028,4495.9
1030,4494.0
1030,4494.3
1032,4491.2
1032,4489.3
1034,4488.8
1034,4488.3
1036,4489.6
1036,4452.0
1038,4453.1
1038,4452.6
1040,4455.2
1040,4574.9
1042,4572.1
1042,4571.4
1044,4566.9
1044,4569.8
1046,4571.6
1046,4227.4
1048,4231.6
1048,4234.0
1050,4236.8
1050,4195.7
1052,4198.7
1052,4195.8
1054,4191.8
1054,4191.3
1056,4186.9
1056,4183.9
1058,4182.8
1058,4182.1
1060,4185.2
1060,4190.2
1062,4194.5
1062,4195.0
1064,4190.0
1064,4190.1
1066,4192.4
1066,4191.5
1068,4189.0
1068,4182.2
1070,4179.6
1070,4181.8
1072,4186.7
1072,4188.7
1074,4191.3
1074,4191.7
1076,4193.7
1076,4197.3
1078,4197.8
1078,4195.2
1080,4196.2
1080,4194.0
1082,4191.8
1082,4190.4
1084,4189.3
1084,4190.6
1086,4190.7
1086,4185.2
1088,4183.8
1088,4183.9
1090,4184.6
1090,4187.0
1092,4183.6
1092,4181.3
1094,4204.0
1094,4207.0
1096,4205.8
1096,4207.2
1098,4207.8
1098,4207.4
1100,4212.7
1100,4213.5
1102,4199.0
1102,4202.8
1104,4203.7
1104,4204.0
1106,4200.8
1106,4201.7
1108,4201.1
1108,4204.8
1110,4205.1
1110,4203.5
1112,4568.7
1112,4573.8
1114,4436.5
1114,4434.9
1116,4434.9
1116,4435.3
1118,4432.3
1118,4432.8
1120,4431.4
1120,4426.9
1122,4424.7
1122,4424.1
1124,4420.5
1124,4416.4
1126,4417.3
1126,4415.2
1128,4413.1
1128,4414.4
1130,4417.3
1130,4421.2
1132,4711.2
1132,4712.6
1134,4713.7
1134,4718.6
1136,4718.8
1136,4716.1
1138,4712.1
1138,4710.3
1140,4711.9
1140,4709.8
1142,4711.0
1142,4710.2
1144,4709.0
1144,4706.6
1146,4708.4
1146,4709.8
1148,4706.5
1148,4704.8
1150,4702.5
1150,4702.7
1152,4704.0
1152,4705.6
1154,4706.8
1154,4704.2
1156,4703.6
1156,4702.7
1158,4704.8
1158,4705.5
1160,4703.4
1160,4705.0
1162,4703.3
1162,4701.8
1164,4700.9
1164,4703.4
1166,4702.6
1166,4700.8
1168,4700.6
1168,4701.6
1170,4703.5
1170,4708.0
1172,4827.7
1172,4835.5
1174,4828.8
1174,4825.9
1176,4830.2
1176,4202.1
1178,4130.2
1178,4128.1
1180,4128.7
1180,4124.4
1182,4126.3
1182,4127.1
1184,4122.5
1184,4121.1
1186,4122.5
1186,4121.8
1188,4117.5
1188,4115.8
1190,4118.3
1190,4114.6
1192,4118.4
1192,4121.9
1194,4124.2
1194,4123.4
1196,4123.8
1196,4123.3
1198,4125.8
1198,4132.7
1200,4132.9
1200,4129.2
1202,4125.1
1202,4127.3
1204,4129.6
1204,4132.9
1206,4128.0
1206,4126.6
1208,4124.7
1208,4125.5
1210,4126.6
1210,4125.7
