backend,kind,name,op,quant,token,op_id,weight_id,ne0,ne1,ne2,ne3,bytes,ms,ok,extra
"CPU_Elastic","TENSOR_META","token_embd.weight","","q4_0",-1,-1,-1,4096,128256,1,1,295501824,0.000000,1,"n_dims=2"
"CPU_Elastic","TENSOR_META","output_norm.weight","","f32",-1,-1,-1,4096,1,1,1,16384,0.000000,1,"n_dims=1"
"CPU_Elastic","TENSOR_META","output.weight","","q6_K",-1,-1,-1,4096,128256,1,1,430940160,0.000000,1,"n_dims=2"
"CPU_Elastic","TENSOR_META","blk.0.attn_norm.weight","","f32",-1,-1,-1,4096,1,1,1,16384,0.000000,1,"n_dims=1"
"CPU_Elastic","TENSOR_META","blk.0.attn_q.weight","","q4_0",-1,-1,-1,4096,4096,1,1,9437184,0.000000,1,"n_dims=2"
"CPU_Elastic","TENSOR_META","blk.0.attn_k.weight","","q4_0",-1,-1,-1,4096,1024,1,1,2359296,0.000000,1,"n_dims=2"
"CPU_Elastic","TENSOR_META","blk.0.attn_v.weight","","q4_0",-1,-1,-1,4096,1024,1,1,2359296,0.000000,1,"n_dims=2"
"CPU_Elastic","TENSOR_META","blk.0.attn_output.weight","","q4_0",-1,-1,-1,4096,4096,1,1,9437184,0.000000,1,"n_dims=2"
"CPU_Elastic","TENSOR_META","blk.0.ffn_norm.weight","","f32",-1,-1,-1,4096,1,1,1,16384,0.000000,1,"n_dims=1"
"CPU_Elastic","TENSOR_META","blk.0.ffn_gate.weight","","q4_0",-1,-1,-1,4096,14336,1,1,33030144,0.000000,1,"n_dims=2"
"CPU_Elastic","TENSOR_META","blk.0.ffn_down.weight","","q4_0",-1,-1,-1,14336,4096,1,1,33030144,0.000000,1,"n_dims=2"
"CPU_Elastic","TENSOR_META","blk.0.ffn_up.weight","","q4_0",-1,-1,-1,4096,14336,1,1,33030144,0.000000,1,"n_dims=2"
"CPU_Elastic","TENSOR_META","blk.1.attn_norm.weight","","f32",-1,-1,-1,4096,1,1,1,16384,0.000000,1,"n_dims=1"
"CPU_Elastic","TENSOR_META","blk.1.attn_q.weight","","q4_0",-1,-1,-1,4096,4096,1,1,9437184,0.000000,1,"n_dims=2"
"CPU_Elastic","TENSOR_META","blk.1.attn_k.weight","","q4_0",-1,-1,-1,4096,1024,1,1,2359296,0.000000,1,"n_dims=2"
"CPU_Elastic","TENSOR_META","blk.1.attn_v.weight","","q4_0",-1,-1,-1,4096,1024,1,1,2359296,0.000000,1,"n_dims=2"
"CPU_Elastic","TENSOR_META","blk.1.attn_output.weight","","q4_0",-1,-1,-1,4096,4096,1,1,9437184,0.000000,1,"n_dims=2"
"CPU_Elastic","TENSOR_META","blk.1.ffn_norm.weight","","f32",-1,-1,-1,4096,1,1,1,16384,0.000000,1,"n_dims=1"
"CPU_Elastic","TENSOR_META","blk.1.ffn_gate.weight","","q4_0",-1,-1,-1,4096,14336,1,1,33030144,0.000000,1,"n_dims=2"
"CPU_Elastic","TENSOR_META","blk.1.ffn_down.weight","","q4_0",-1,-1,-1,14336,4096,1,1,33030144,0.000000,1,"n_dims=2"
"CPU_Elastic","TENSOR_META","blk.1.ffn_up.weight","","q4_0",-1,-1,-1,4096,14336,1,1,33030144,0.000000,1,"n_dims=2"
"CPU_Elastic","TENSOR_META","blk.2.attn_norm.weight","","f32",-1,-1,-1,4096,1,1,1,16384,0.000000,1,"n_dims=1"
"CPU_Elastic","TENSOR_META","blk.2.attn_q.weight","","q4_0",-1,-1,-1,4096,4096,1,1,9437184,0.000000,1,"n_dims=2"
"CPU_Elastic","TENSOR_META","blk.2.attn_k.weight","","q4_0",-1,-1,-1,4096,1024,1,1,2359296,0.000000,1,"n_dims=2"
"CPU_Elastic","TENSOR_META","blk.2.attn_v.weight","","q4_0",-1,-1,-1,4096,1024,1,1,2359296,0.000000,1,"n_dims=2"
"CPU_Elastic","TENSOR_META","blk.2.attn_output.weight","","q4_0",-1,-1,-1,4096,4096,1,1,9437184,0.000000,1,"n_dims=2"
"CPU_Elastic","TENSOR_META","blk.2.ffn_norm.weight","","f32",-1,-1,-1,4096,1,1,1,16384,0.000000,1,"n_dims=1"
"CPU_Elastic","TENSOR_META","blk.2.ffn_gate.weight","","q4_0",-1,-1,-1,4096,14336,1,1,33030144,0.000000,1,"n_dims=2"
"CPU_Elastic","TENSOR_META","blk.2.ffn_down.weight","","q4_0",-1,-1,-1,14336,4096,1,1,33030144,0.000000,1,"n_dims=2"
"CPU_Elastic","TENSOR_META","blk.2.ffn_up.weight","","q4_0",-1,-1,-1,4096,14336,1,1,33030144,0.000000,1,"n_dims=2"
"CPU_Elastic","TENSOR_META","blk.3.attn_norm.weight","","f32",-1,-1,-1,4096,1,1,1,16384,0.000000,1,"n_dims=1"
"CPU_Elastic","TENSOR_META","blk.3.attn_q.weight","","q4_0",-1,-1,-1,4096,4096,1,1,9437184,0.000000,1,"n_dims=2"
"CPU_Elastic","TENSOR_META","blk.3.attn_k.weight","","q4_0",-1,-1,-1,4096,1024,1,1,2359296,0.000000,1,"n_dims=2"
"CPU_Elastic","TENSOR_META","blk.3.attn_v.weight","","q4_0",-1,-1,-1,4096,1024,1,1,2359296,0.000000,1,"n_dims=2"
"CPU_Elastic","TENSOR_META","blk.3.attn_output.weight","","q4_0",-1,-1,-1,4096,4096,1,1,9437184,0.000000,1,"n_dims=2"
"CPU_Elastic","TENSOR_META","blk.3.ffn_norm.weight","","f32",-1,-1,-1,4096,1,1,1,16384,0.000000,1,"n_dims=1"
"CPU_Elastic","TENSOR_META","blk.3.ffn_gate.weight","","q4_0",-1,-1,-1,4096,14336,1,1,33030144,0.000000,1,"n_dims=2"
"CPU_Elastic","TENSOR_META","blk.3.ffn_down.weight","","q4_0",-1,-1,-1,14336,4096,1,1,33030144,0.000000,1,"n_dims=2"
"CPU_Elastic","TENSOR_META","blk.3.ffn_up.weight","","q4_0",-1,-1,-1,4096,14336,1,1,33030144,0.000000,1,"n_dims=2"
"CPU_Elastic","TENSOR_META","blk.4.attn_norm.weight","","f32",-1,-1,-1,4096,1,1,1,16384,0.000000,1,"n_dims=1"
"CPU_Elastic","TENSOR_META","blk.4.attn_q.weight","","q4_0",-1,-1,-1,4096,4096,1,1,9437184,0.000000,1,"n_dims=2"
"CPU_Elastic","TENSOR_META","blk.4.attn_k.weight","","q4_0",-1,-1,-1,4096,1024,1,1,2359296,0.000000,1,"n_dims=2"
"CPU_Elastic","TENSOR_META","blk.4.attn_v.weight","","q4_0",-1,-1,-1,4096,1024,1,1,2359296,0.000000,1,"n_dims=2"
"CPU_Elastic","TENSOR_META","blk.4.attn_output.weight","","q4_0",-1,-1,-1,4096,4096,1,1,9437184,0.000000,1,"n_dims=2"
"CPU_Elastic","TENSOR_META","blk.4.ffn_norm.weight","","f32",-1,-1,-1,4096,1,1,1,16384,0.000000,1,"n_dims=1"
"CPU_Elastic","TENSOR_META","blk.4.ffn_gate.weight","","q4_0",-1,-1,-1,4096,14336,1,1,33030144,0.000000,1,"n_dims=2"
"CPU_Elastic","TENSOR_META","blk.4.ffn_down.weight","","q4_0",-1,-1,-1,14336,4096,1,1,33030144,0.000000,1,"n_dims=2"
"CPU_Elastic","TENSOR_META","blk.4.ffn_up.weight","","q4_0",-1,-1,-1,4096,14336,1,1,33030144,0.000000,1,"n_dims=2"
"CPU_Elastic","TENSOR_META","blk.5.attn_norm.weight","","f32",-1,-1,-1,4096,1,1,1,16384,0.000000,1,"n_dims=1"
"CPU_Elastic","TENSOR_META","blk.5.attn_q.weight","","q4_0",-1,-1,-1,4096,4096,1,1,9437184,0.000000,1,"n_dims=2"
"CPU_Elastic","TENSOR_META","blk.5.attn_k.weight","","q4_0",-1,-1,-1,4096,1024,1,1,2359296,0.000000,1,"n_dims=2"
"CPU_Elastic","TENSOR_META","blk.5.attn_v.weight","","q4_0",-1,-1,-1,4096,1024,1,1,2359296,0.000000,1,"n_dims=2"
"CPU_Elastic","TENSOR_META","blk.5.attn_output.weight","","q4_0",-1,-1,-1,4096,4096,1,1,9437184,0.000000,1,"n_dims=2"
"CPU_Elastic","TENSOR_META","blk.5.ffn_norm.weight","","f32",-1,-1,-1,4096,1,1,1,16384,0.000000,1,"n_dims=1"
"CPU_Elastic","TENSOR_META","blk.5.ffn_gate.weight","","q4_0",-1,-1,-1,4096,14336,1,1,33030144,0.000000,1,"n_dims=2"
"CPU_Elastic","TENSOR_META","blk.5.ffn_down.weight","","q4_0",-1,-1,-1,14336,4096,1,1,33030144,0.000000,1,"n_dims=2"
"CPU_Elastic","TENSOR_META","blk.5.ffn_up.weight","","q4_0",-1,-1,-1,4096,14336,1,1,33030144,0.000000,1,"n_dims=2"
"CPU_Elastic","TENSOR_META","blk.6.attn_norm.weight","","f32",-1,-1,-1,4096,1,1,1,16384,0.000000,1,"n_dims=1"
"CPU_Elastic","TENSOR_META","blk.6.attn_q.weight","","q4_0",-1,-1,-1,4096,4096,1,1,9437184,0.000000,1,"n_dims=2"
"CPU_Elastic","TENSOR_META","blk.6.attn_k.weight","","q4_0",-1,-1,-1,4096,1024,1,1,2359296,0.000000,1,"n_dims=2"
"CPU_Elastic","TENSOR_META","blk.6.attn_v.weight","","q4_0",-1,-1,-1,4096,1024,1,1,2359296,0.000000,1,"n_dims=2"
"CPU_Elastic","TENSOR_META","blk.6.attn_output.weight","","q4_0",-1,-1,-1,4096,4096,1,1,9437184,0.000000,1,"n_dims=2"
"CPU_Elastic","TENSOR_META","blk.6.ffn_norm.weight","","f32",-1,-1,-1,4096,1,1,1,16384,0.000000,1,"n_dims=1"
"CPU_Elastic","TENSOR_META","blk.6.ffn_gate.weight","","q4_0",-1,-1,-1,4096,14336,1,1,33030144,0.000000,1,"n_dims=2"
"CPU_Elastic","TENSOR_META","blk.6.ffn_down.weight","","q4_0",-1,-1,-1,14336,4096,1,1,33030144,0.000000,1,"n_dims=2"
"CPU_Elastic","TENSOR_META","blk.6.ffn_up.weight","","q4_0",-1,-1,-1,4096,14336,1,1,33030144,0.000000,1,"n_dims=2"
"CPU_Elastic","TENSOR_META","blk.7.attn_norm.weight","","f32",-1,-1,-1,4096,1,1,1,16384,0.000000,1,"n_dims=1"
"CPU_Elastic","TENSOR_META","blk.7.attn_q.weight","","q4_0",-1,-1,-1,4096,4096,1,1,9437184,0.000000,1,"n_dims=2"
"CPU_Elastic","TENSOR_META","blk.7.attn_k.weight","","q4_0",-1,-1,-1,4096,1024,1,1,2359296,0.000000,1,"n_dims=2"
"CPU_Elastic","TENSOR_META","blk.7.attn_v.weight","","q4_0",-1,-1,-1,4096,1024,1,1,2359296,0.000000,1,"n_dims=2"
"CPU_Elastic","TENSOR_META","blk.7.attn_output.weight","","q4_0",-1,-1,-1,4096,4096,1,1,9437184,0.000000,1,"n_dims=2"
"CPU_Elastic","TENSOR_META","blk.7.ffn_norm.weight","","f32",-1,-1,-1,4096,1,1,1,16384,0.000000,1,"n_dims=1"
"CPU_Elastic","TENSOR_META","blk.7.ffn_gate.weight","","q4_0",-1,-1,-1,4096,14336,1,1,33030144,0.000000,1,"n_dims=2"
"CPU_Elastic","TENSOR_META","blk.7.ffn_down.weight","","q4_0",-1,-1,-1,14336,4096,1,1,33030144,0.000000,1,"n_dims=2"
"CPU_Elastic","TENSOR_META","blk.7.ffn_up.weight","","q4_0",-1,-1,-1,4096,14336,1,1,33030144,0.000000,1,"n_dims=2"
"CPU_Elastic","TENSOR_META","blk.8.attn_norm.weight","","f32",-1,-1,-1,4096,1,1,1,16384,0.000000,1,"n_dims=1"
"CPU_Elastic","TENSOR_META","blk.8.attn_q.weight","","q4_0",-1,-1,-1,4096,4096,1,1,9437184,0.000000,1,"n_dims=2"
"CPU_Elastic","TENSOR_META","blk.8.attn_k.weight","","q4_0",-1,-1,-1,4096,1024,1,1,2359296,0.000000,1,"n_dims=2"
"CPU_Elastic","TENSOR_META","blk.8.attn_v.weight","","q4_0",-1,-1,-1,4096,1024,1,1,2359296,0.000000,1,"n_dims=2"
"CPU_Elastic","TENSOR_META","blk.8.attn_output.weight","","q4_0",-1,-1,-1,4096,4096,1,1,9437184,0.000000,1,"n_dims=2"
"CPU_Elastic","TENSOR_META","blk.8.ffn_norm.weight","","f32",-1,-1,-1,4096,1,1,1,16384,0.000000,1,"n_dims=1"
"CPU_Elastic","TENSOR_META","blk.8.ffn_gate.weight","","q4_0",-1,-1,-1,4096,14336,1,1,33030144,0.000000,1,"n_dims=2"
"CPU_Elastic","TENSOR_META","blk.8.ffn_down.weight","","q4_0",-1,-1,-1,14336,4096,1,1,33030144,0.000000,1,"n_dims=2"
"CPU_Elastic","TENSOR_META","blk.8.ffn_up.weight","","q4_0",-1,-1,-1,4096,14336,1,1,33030144,0.000000,1,"n_dims=2"
"CPU_Elastic","TENSOR_META","blk.9.attn_norm.weight","","f32",-1,-1,-1,4096,1,1,1,16384,0.000000,1,"n_dims=1"
"CPU_Elastic","TENSOR_META","blk.9.attn_q.weight","","q4_0",-1,-1,-1,4096,4096,1,1,9437184,0.000000,1,"n_dims=2"
"CPU_Elastic","TENSOR_META","blk.9.attn_k.weight","","q4_0",-1,-1,-1,4096,1024,1,1,2359296,0.000000,1,"n_dims=2"
"CPU_Elastic","TENSOR_META","blk.9.attn_v.weight","","q4_0",-1,-1,-1,4096,1024,1,1,2359296,0.000000,1,"n_dims=2"
"CPU_Elastic","TENSOR_META","blk.9.attn_output.weight","","q4_0",-1,-1,-1,4096,4096,1,1,9437184,0.000000,1,"n_dims=2"
"CPU_Elastic","TENSOR_META","blk.9.ffn_norm.weight","","f32",-1,-1,-1,4096,1,1,1,16384,0.000000,1,"n_dims=1"
"CPU_Elastic","TENSOR_META","blk.9.ffn_gate.weight","","q4_0",-1,-1,-1,4096,14336,1,1,33030144,0.000000,1,"n_dims=2"
"CPU_Elastic","TENSOR_META","blk.9.ffn_down.weight","","q4_0",-1,-1,-1,14336,4096,1,1,33030144,0.000000,1,"n_dims=2"
"CPU_Elastic","TENSOR_META","blk.9.ffn_up.weight","","q4_0",-1,-1,-1,4096,14336,1,1,33030144,0.000000,1,"n_dims=2"
"CPU_Elastic","TENSOR_META","blk.10.attn_norm.weight","","f32",-1,-1,-1,4096,1,1,1,16384,0.000000,1,"n_dims=1"
"CPU_Elastic","TENSOR_META","blk.10.attn_q.weight","","q4_0",-1,-1,-1,4096,4096,1,1,9437184,0.000000,1,"n_dims=2"
"CPU_Elastic","TENSOR_META","blk.10.attn_k.weight","","q4_0",-1,-1,-1,4096,1024,1,1,2359296,0.000000,1,"n_dims=2"
"CPU_Elastic","TENSOR_META","blk.10.attn_v.weight","","q4_0",-1,-1,-1,4096,1024,1,1,2359296,0.000000,1,"n_dims=2"
"CPU_Elastic","TENSOR_META","blk.10.attn_output.weight","","q4_0",-1,-1,-1,4096,4096,1,1,9437184,0.000000,1,"n_dims=2"
"CPU_Elastic","TENSOR_META","blk.10.ffn_norm.weight","","f32",-1,-1,-1,4096,1,1,1,16384,0.000000,1,"n_dims=1"
"CPU_Elastic","TENSOR_META","blk.10.ffn_gate.weight","","q4_0",-1,-1,-1,4096,14336,1,1,33030144,0.000000,1,"n_dims=2"
"CPU_Elastic","TENSOR_META","blk.10.ffn_down.weight","","q4_0",-1,-1,-1,14336,4096,1,1,33030144,0.000000,1,"n_dims=2"
"CPU_Elastic","TENSOR_META","blk.10.ffn_up.weight","","q4_0",-1,-1,-1,4096,14336,1,1,33030144,0.000000,1,"n_dims=2"
"CPU_Elastic","TENSOR_META","blk.11.attn_norm.weight","","f32",-1,-1,-1,4096,1,1,1,16384,0.000000,1,"n_dims=1"
"CPU_Elastic","TENSOR_META","blk.11.attn_q.weight","","q4_0",-1,-1,-1,4096,4096,1,1,9437184,0.000000,1,"n_dims=2"
"CPU_Elastic","TENSOR_META","blk.11.attn_k.weight","","q4_0",-1,-1,-1,4096,1024,1,1,2359296,0.000000,1,"n_dims=2"
"CPU_Elastic","TENSOR_META","blk.11.attn_v.weight","","q4_0",-1,-1,-1,4096,1024,1,1,2359296,0.000000,1,"n_dims=2"
"CPU_Elastic","TENSOR_META","blk.11.attn_output.weight","","q4_0",-1,-1,-1,4096,4096,1,1,9437184,0.000000,1,"n_dims=2"
"CPU_Elastic","TENSOR_META","blk.11.ffn_norm.weight","","f32",-1,-1,-1,4096,1,1,1,16384,0.000000,1,"n_dims=1"
"CPU_Elastic","TENSOR_META","blk.11.ffn_gate.weight","","q4_0",-1,-1,-1,4096,14336,1,1,33030144,0.000000,1,"n_dims=2"
"CPU_Elastic","TENSOR_META","blk.11.ffn_down.weight","","q4_0",-1,-1,-1,14336,4096,1,1,33030144,0.000000,1,"n_dims=2"
"CPU_Elastic","TENSOR_META","blk.11.ffn_up.weight","","q4_0",-1,-1,-1,4096,14336,1,1,33030144,0.000000,1,"n_dims=2"
"CPU_Elastic","TENSOR_META","blk.12.attn_norm.weight","","f32",-1,-1,-1,4096,1,1,1,16384,0.000000,1,"n_dims=1"
"CPU_Elastic","TENSOR_META","blk.12.attn_q.weight","","q4_0",-1,-1,-1,4096,4096,1,1,9437184,0.000000,1,"n_dims=2"
"CPU_Elastic","TENSOR_META","blk.12.attn_k.weight","","q4_0",-1,-1,-1,4096,1024,1,1,2359296,0.000000,1,"n_dims=2"
"CPU_Elastic","TENSOR_META","blk.12.attn_v.weight","","q4_0",-1,-1,-1,4096,1024,1,1,2359296,0.000000,1,"n_dims=2"
"CPU_Elastic","TENSOR_META","blk.12.attn_output.weight","","q4_0",-1,-1,-1,4096,4096,1,1,9437184,0.000000,1,"n_dims=2"
"CPU_Elastic","TENSOR_META","blk.12.ffn_norm.weight","","f32",-1,-1,-1,4096,1,1,1,16384,0.000000,1,"n_dims=1"
"CPU_Elastic","TENSOR_META","blk.12.ffn_gate.weight","","q4_0",-1,-1,-1,4096,14336,1,1,33030144,0.000000,1,"n_dims=2"
"CPU_Elastic","TENSOR_META","blk.12.ffn_down.weight","","q4_0",-1,-1,-1,14336,4096,1,1,33030144,0.000000,1,"n_dims=2"
"CPU_Elastic","TENSOR_META","blk.12.ffn_up.weight","","q4_0",-1,-1,-1,4096,14336,1,1,33030144,0.000000,1,"n_dims=2"
"CPU_Elastic","TENSOR_META","blk.13.attn_norm.weight","","f32",-1,-1,-1,4096,1,1,1,16384,0.000000,1,"n_dims=1"
"CPU_Elastic","TENSOR_META","blk.13.attn_q.weight","","q4_0",-1,-1,-1,4096,4096,1,1,9437184,0.000000,1,"n_dims=2"
"CPU_Elastic","TENSOR_META","blk.13.attn_k.weight","","q4_0",-1,-1,-1,4096,1024,1,1,2359296,0.000000,1,"n_dims=2"
"CPU_Elastic","TENSOR_META","blk.13.attn_v.weight","","q4_0",-1,-1,-1,4096,1024,1,1,2359296,0.000000,1,"n_dims=2"
"CPU_Elastic","TENSOR_META","blk.13.attn_output.weight","","q4_0",-1,-1,-1,4096,4096,1,1,9437184,0.000000,1,"n_dims=2"
"CPU_Elastic","TENSOR_META","blk.13.ffn_norm.weight","","f32",-1,-1,-1,4096,1,1,1,16384,0.000000,1,"n_dims=1"
"CPU_Elastic","TENSOR_META","blk.13.ffn_gate.weight","","q4_0",-1,-1,-1,4096,14336,1,1,33030144,0.000000,1,"n_dims=2"
"CPU_Elastic","TENSOR_META","blk.13.ffn_down.weight","","q4_0",-1,-1,-1,14336,4096,1,1,33030144,0.000000,1,"n_dims=2"
"CPU_Elastic","TENSOR_META","blk.13.ffn_up.weight","","q4_0",-1,-1,-1,4096,14336,1,1,33030144,0.000000,1,"n_dims=2"
"CPU_Elastic","TENSOR_META","blk.14.attn_norm.weight","","f32",-1,-1,-1,4096,1,1,1,16384,0.000000,1,"n_dims=1"
"CPU_Elastic","TENSOR_META","blk.14.attn_q.weight","","q4_0",-1,-1,-1,4096,4096,1,1,9437184,0.000000,1,"n_dims=2"
"CPU_Elastic","TENSOR_META","blk.14.attn_k.weight","","q4_0",-1,-1,-1,4096,1024,1,1,2359296,0.000000,1,"n_dims=2"
"CPU_Elastic","TENSOR_META","blk.14.attn_v.weight","","q4_0",-1,-1,-1,4096,1024,1,1,2359296,0.000000,1,"n_dims=2"
"CPU_Elastic","TENSOR_META","blk.14.attn_output.weight","","q4_0",-1,-1,-1,4096,4096,1,1,9437184,0.000000,1,"n_dims=2"
"CPU_Elastic","TENSOR_META","blk.14.ffn_norm.weight","","f32",-1,-1,-1,4096,1,1,1,16384,0.000000,1,"n_dims=1"
"CPU_Elastic","TENSOR_META","blk.14.ffn_gate.weight","","q4_0",-1,-1,-1,4096,14336,1,1,33030144,0.000000,1,"n_dims=2"
"CPU_Elastic","TENSOR_META","blk.14.ffn_down.weight","","q4_0",-1,-1,-1,14336,4096,1,1,33030144,0.000000,1,"n_dims=2"
"CPU_Elastic","TENSOR_META","blk.14.ffn_up.weight","","q4_0",-1,-1,-1,4096,14336,1,1,33030144,0.000000,1,"n_dims=2"
"CPU_Elastic","TENSOR_META","blk.15.attn_norm.weight","","f32",-1,-1,-1,4096,1,1,1,16384,0.000000,1,"n_dims=1"
"CPU_Elastic","TENSOR_META","blk.15.attn_q.weight","","q4_0",-1,-1,-1,4096,4096,1,1,9437184,0.000000,1,"n_dims=2"
"CPU_Elastic","TENSOR_META","blk.15.attn_k.weight","","q4_0",-1,-1,-1,4096,1024,1,1,2359296,0.000000,1,"n_dims=2"
"CPU_Elastic","TENSOR_META","blk.15.attn_v.weight","","q4_0",-1,-1,-1,4096,1024,1,1,2359296,0.000000,1,"n_dims=2"
"CPU_Elastic","TENSOR_META","blk.15.attn_output.weight","","q4_0",-1,-1,-1,4096,4096,1,1,9437184,0.000000,1,"n_dims=2"
"CPU_Elastic","TENSOR_META","blk.15.ffn_norm.weight","","f32",-1,-1,-1,4096,1,1,1,16384,0.000000,1,"n_dims=1"
"CPU_Elastic","TENSOR_META","blk.15.ffn_gate.weight","","q4_0",-1,-1,-1,4096,14336,1,1,33030144,0.000000,1,"n_dims=2"
"CPU_Elastic","TENSOR_META","blk.15.ffn_down.weight","","q4_0",-1,-1,-1,14336,4096,1,1,33030144,0.000000,1,"n_dims=2"
"CPU_Elastic","TENSOR_META","blk.15.ffn_up.weight","","q4_0",-1,-1,-1,4096,14336,1,1,33030144,0.000000,1,"n_dims=2"
"CPU_Elastic","TENSOR_META","blk.16.attn_norm.weight","","f32",-1,-1,-1,4096,1,1,1,16384,0.000000,1,"n_dims=1"
"CPU_Elastic","TENSOR_META","blk.16.attn_q.weight","","q4_0",-1,-1,-1,4096,4096,1,1,9437184,0.000000,1,"n_dims=2"
"CPU_Elastic","TENSOR_META","blk.16.attn_k.weight","","q4_0",-1,-1,-1,4096,1024,1,1,2359296,0.000000,1,"n_dims=2"
"CPU_Elastic","TENSOR_META","blk.16.attn_v.weight","","q4_0",-1,-1,-1,4096,1024,1,1,2359296,0.000000,1,"n_dims=2"
"CPU_Elastic","TENSOR_META","blk.16.attn_output.weight","","q4_0",-1,-1,-1,4096,4096,1,1,9437184,0.000000,1,"n_dims=2"
"CPU_Elastic","TENSOR_META","blk.16.ffn_norm.weight","","f32",-1,-1,-1,4096,1,1,1,16384,0.000000,1,"n_dims=1"
"CPU_Elastic","TENSOR_META","blk.16.ffn_gate.weight","","q4_0",-1,-1,-1,4096,14336,1,1,33030144,0.000000,1,"n_dims=2"
"CPU_Elastic","TENSOR_META","blk.16.ffn_down.weight","","q4_0",-1,-1,-1,14336,4096,1,1,33030144,0.000000,1,"n_dims=2"
"CPU_Elastic","TENSOR_META","blk.16.ffn_up.weight","","q4_0",-1,-1,-1,4096,14336,1,1,33030144,0.000000,1,"n_dims=2"
"CPU_Elastic","TENSOR_META","blk.17.attn_norm.weight","","f32",-1,-1,-1,4096,1,1,1,16384,0.000000,1,"n_dims=1"
"CPU_Elastic","TENSOR_META","blk.17.attn_q.weight","","q4_0",-1,-1,-1,4096,4096,1,1,9437184,0.000000,1,"n_dims=2"
"CPU_Elastic","TENSOR_META","blk.17.attn_k.weight","","q4_0",-1,-1,-1,4096,1024,1,1,2359296,0.000000,1,"n_dims=2"
"CPU_Elastic","TENSOR_META","blk.17.attn_v.weight","","q4_0",-1,-1,-1,4096,1024,1,1,2359296,0.000000,1,"n_dims=2"
"CPU_Elastic","TENSOR_META","blk.17.attn_output.weight","","q4_0",-1,-1,-1,4096,4096,1,1,9437184,0.000000,1,"n_dims=2"
"CPU_Elastic","TENSOR_META","blk.17.ffn_norm.weight","","f32",-1,-1,-1,4096,1,1,1,16384,0.000000,1,"n_dims=1"
"CPU_Elastic","TENSOR_META","blk.17.ffn_gate.weight","","q4_0",-1,-1,-1,4096,14336,1,1,33030144,0.000000,1,"n_dims=2"
"CPU_Elastic","TENSOR_META","blk.17.ffn_down.weight","","q4_0",-1,-1,-1,14336,4096,1,1,33030144,0.000000,1,"n_dims=2"
"CPU_Elastic","TENSOR_META","blk.17.ffn_up.weight","","q4_0",-1,-1,-1,4096,14336,1,1,33030144,0.000000,1,"n_dims=2"
"CPU_Elastic","TENSOR_META","blk.18.attn_norm.weight","","f32",-1,-1,-1,4096,1,1,1,16384,0.000000,1,"n_dims=1"
"CPU_Elastic","TENSOR_META","blk.18.attn_q.weight","","q4_0",-1,-1,-1,4096,4096,1,1,9437184,0.000000,1,"n_dims=2"
"CPU_Elastic","TENSOR_META","blk.18.attn_k.weight","","q4_0",-1,-1,-1,4096,1024,1,1,2359296,0.000000,1,"n_dims=2"
"CPU_Elastic","TENSOR_META","blk.18.attn_v.weight","","q4_0",-1,-1,-1,4096,1024,1,1,2359296,0.000000,1,"n_dims=2"
"CPU_Elastic","TENSOR_META","blk.18.attn_output.weight","","q4_0",-1,-1,-1,4096,4096,1,1,9437184,0.000000,1,"n_dims=2"
"CPU_Elastic","TENSOR_META","blk.18.ffn_norm.weight","","f32",-1,-1,-1,4096,1,1,1,16384,0.000000,1,"n_dims=1"
"CPU_Elastic","TENSOR_META","blk.18.ffn_gate.weight","","q4_0",-1,-1,-1,4096,14336,1,1,33030144,0.000000,1,"n_dims=2"
"CPU_Elastic","TENSOR_META","blk.18.ffn_down.weight","","q4_0",-1,-1,-1,14336,4096,1,1,33030144,0.000000,1,"n_dims=2"
"CPU_Elastic","TENSOR_META","blk.18.ffn_up.weight","","q4_0",-1,-1,-1,4096,14336,1,1,33030144,0.000000,1,"n_dims=2"
"CPU_Elastic","TENSOR_META","blk.19.attn_norm.weight","","f32",-1,-1,-1,4096,1,1,1,16384,0.000000,1,"n_dims=1"
"CPU_Elastic","TENSOR_META","blk.19.attn_q.weight","","q4_0",-1,-1,-1,4096,4096,1,1,9437184,0.000000,1,"n_dims=2"
"CPU_Elastic","TENSOR_META","blk.19.attn_k.weight","","q4_0",-1,-1,-1,4096,1024,1,1,2359296,0.000000,1,"n_dims=2"
"CPU_Elastic","TENSOR_META","blk.19.attn_v.weight","","q4_0",-1,-1,-1,4096,1024,1,1,2359296,0.000000,1,"n_dims=2"
"CPU_Elastic","TENSOR_META","blk.19.attn_output.weight","","q4_0",-1,-1,-1,4096,4096,1,1,9437184,0.000000,1,"n_dims=2"
"CPU_Elastic","TENSOR_META","blk.19.ffn_norm.weight","","f32",-1,-1,-1,4096,1,1,1,16384,0.000000,1,"n_dims=1"
"CPU_Elastic","TENSOR_META","blk.19.ffn_gate.weight","","q4_0",-1,-1,-1,4096,14336,1,1,33030144,0.000000,1,"n_dims=2"
"CPU_Elastic","TENSOR_META","blk.19.ffn_down.weight","","q4_0",-1,-1,-1,14336,4096,1,1,33030144,0.000000,1,"n_dims=2"
"CPU_Elastic","TENSOR_META","blk.19.ffn_up.weight","","q4_0",-1,-1,-1,4096,14336,1,1,33030144,0.000000,1,"n_dims=2"
"CPU_Elastic","TENSOR_META","blk.20.attn_norm.weight","","f32",-1,-1,-1,4096,1,1,1,16384,0.000000,1,"n_dims=1"
"CPU_Elastic","TENSOR_META","blk.20.attn_q.weight","","q4_0",-1,-1,-1,4096,4096,1,1,9437184,0.000000,1,"n_dims=2"
"CPU_Elastic","TENSOR_META","blk.20.attn_k.weight","","q4_0",-1,-1,-1,4096,1024,1,1,2359296,0.000000,1,"n_dims=2"
"CPU_Elastic","TENSOR_META","blk.20.attn_v.weight","","q4_0",-1,-1,-1,4096,1024,1,1,2359296,0.000000,1,"n_dims=2"
"CPU_Elastic","TENSOR_META","blk.20.attn_output.weight","","q4_0",-1,-1,-1,4096,4096,1,1,9437184,0.000000,1,"n_dims=2"
"CPU_Elastic","TENSOR_META","blk.20.ffn_norm.weight","","f32",-1,-1,-1,4096,1,1,1,16384,0.000000,1,"n_dims=1"
"CPU_Elastic","TENSOR_META","blk.20.ffn_gate.weight","","q4_0",-1,-1,-1,4096,14336,1,1,33030144,0.000000,1,"n_dims=2"
"CPU_Elastic","TENSOR_META","blk.20.ffn_down.weight","","q4_0",-1,-1,-1,14336,4096,1,1,33030144,0.000000,1,"n_dims=2"
"CPU_Elastic","TENSOR_META","blk.20.ffn_up.weight","","q4_0",-1,-1,-1,4096,14336,1,1,33030144,0.000000,1,"n_dims=2"
"CPU_Elastic","TENSOR_META","blk.21.attn_norm.weight","","f32",-1,-1,-1,4096,1,1,1,16384,0.000000,1,"n_dims=1"
"CPU_Elastic","TENSOR_META","blk.21.attn_q.weight","","q4_0",-1,-1,-1,4096,4096,1,1,9437184,0.000000,1,"n_dims=2"
"CPU_Elastic","TENSOR_META","blk.21.attn_k.weight","","q4_0",-1,-1,-1,4096,1024,1,1,2359296,0.000000,1,"n_dims=2"
"CPU_Elastic","TENSOR_META","blk.21.attn_v.weight","","q4_0",-1,-1,-1,4096,1024,1,1,2359296,0.000000,1,"n_dims=2"
"CPU_Elastic","TENSOR_META","blk.21.attn_output.weight","","q4_0",-1,-1,-1,4096,4096,1,1,9437184,0.000000,1,"n_dims=2"
"CPU_Elastic","TENSOR_META","blk.21.ffn_norm.weight","","f32",-1,-1,-1,4096,1,1,1,16384,0.000000,1,"n_dims=1"
"CPU_Elastic","TENSOR_META","blk.21.ffn_gate.weight","","q4_0",-1,-1,-1,4096,14336,1,1,33030144,0.000000,1,"n_dims=2"
"CPU_Elastic","TENSOR_META","blk.21.ffn_down.weight","","q4_0",-1,-1,-1,14336,4096,1,1,33030144,0.000000,1,"n_dims=2"
"CPU_Elastic","TENSOR_META","blk.21.ffn_up.weight","","q4_0",-1,-1,-1,4096,14336,1,1,33030144,0.000000,1,"n_dims=2"
"CPU_Elastic","TENSOR_META","blk.22.attn_norm.weight","","f32",-1,-1,-1,4096,1,1,1,16384,0.000000,1,"n_dims=1"
"CPU_Elastic","TENSOR_META","blk.22.attn_q.weight","","q4_0",-1,-1,-1,4096,4096,1,1,9437184,0.000000,1,"n_dims=2"
"CPU_Elastic","TENSOR_META","blk.22.attn_k.weight","","q4_0",-1,-1,-1,4096,1024,1,1,2359296,0.000000,1,"n_dims=2"
"CPU_Elastic","TENSOR_META","blk.22.attn_v.weight","","q4_0",-1,-1,-1,4096,1024,1,1,2359296,0.000000,1,"n_dims=2"
"CPU_Elastic","TENSOR_META","blk.22.attn_output.weight","","q4_0",-1,-1,-1,4096,4096,1,1,9437184,0.000000,1,"n_dims=2"
"CPU_Elastic","TENSOR_META","blk.22.ffn_norm.weight","","f32",-1,-1,-1,4096,1,1,1,16384,0.000000,1,"n_dims=1"
"CPU_Elastic","TENSOR_META","blk.22.ffn_gate.weight","","q4_0",-1,-1,-1,4096,14336,1,1,33030144,0.000000,1,"n_dims=2"
"CPU_Elastic","TENSOR_META","blk.22.ffn_down.weight","","q4_0",-1,-1,-1,14336,4096,1,1,33030144,0.000000,1,"n_dims=2"
"CPU_Elastic","TENSOR_META","blk.22.ffn_up.weight","","q4_0",-1,-1,-1,4096,14336,1,1,33030144,0.000000,1,"n_dims=2"
"CPU_Elastic","TENSOR_META","blk.23.attn_norm.weight","","f32",-1,-1,-1,4096,1,1,1,16384,0.000000,1,"n_dims=1"
"CPU_Elastic","TENSOR_META","blk.23.attn_q.weight","","q4_0",-1,-1,-1,4096,4096,1,1,9437184,0.000000,1,"n_dims=2"
"CPU_Elastic","TENSOR_META","blk.23.attn_k.weight","","q4_0",-1,-1,-1,4096,1024,1,1,2359296,0.000000,1,"n_dims=2"
"CPU_Elastic","TENSOR_META","blk.23.attn_v.weight","","q4_0",-1,-1,-1,4096,1024,1,1,2359296,0.000000,1,"n_dims=2"
"CPU_Elastic","TENSOR_META","blk.23.attn_output.weight","","q4_0",-1,-1,-1,4096,4096,1,1,9437184,0.000000,1,"n_dims=2"
"CPU_Elastic","TENSOR_META","blk.23.ffn_norm.weight","","f32",-1,-1,-1,4096,1,1,1,16384,0.000000,1,"n_dims=1"
"CPU_Elastic","TENSOR_META","blk.23.ffn_gate.weight","","q4_0",-1,-1,-1,4096,14336,1,1,33030144,0.000000,1,"n_dims=2"
"CPU_Elastic","TENSOR_META","blk.23.ffn_down.weight","","q4_0",-1,-1,-1,14336,4096,1,1,33030144,0.000000,1,"n_dims=2"
"CPU_Elastic","TENSOR_META","blk.23.ffn_up.weight","","q4_0",-1,-1,-1,4096,14336,1,1,33030144,0.000000,1,"n_dims=2"
"CPU_Elastic","TENSOR_META","blk.24.attn_norm.weight","","f32",-1,-1,-1,4096,1,1,1,16384,0.000000,1,"n_dims=1"
"CPU_Elastic","TENSOR_META","blk.24.attn_q.weight","","q4_0",-1,-1,-1,4096,4096,1,1,9437184,0.000000,1,"n_dims=2"
"CPU_Elastic","TENSOR_META","blk.24.attn_k.weight","","q4_0",-1,-1,-1,4096,1024,1,1,2359296,0.000000,1,"n_dims=2"
"CPU_Elastic","TENSOR_META","blk.24.attn_v.weight","","q4_0",-1,-1,-1,4096,1024,1,1,2359296,0.000000,1,"n_dims=2"
"CPU_Elastic","TENSOR_META","blk.24.attn_output.weight","","q4_0",-1,-1,-1,4096,4096,1,1,9437184,0.000000,1,"n_dims=2"
"CPU_Elastic","TENSOR_META","blk.24.ffn_norm.weight","","f32",-1,-1,-1,4096,1,1,1,16384,0.000000,1,"n_dims=1"
"CPU_Elastic","TENSOR_META","blk.24.ffn_gate.weight","","q4_0",-1,-1,-1,4096,14336,1,1,33030144,0.000000,1,"n_dims=2"
"CPU_Elastic","TENSOR_META","blk.24.ffn_down.weight","","q4_0",-1,-1,-1,14336,4096,1,1,33030144,0.000000,1,"n_dims=2"
"CPU_Elastic","TENSOR_META","blk.24.ffn_up.weight","","q4_0",-1,-1,-1,4096,14336,1,1,33030144,0.000000,1,"n_dims=2"
"CPU_Elastic","TENSOR_META","blk.25.attn_norm.weight","","f32",-1,-1,-1,4096,1,1,1,16384,0.000000,1,"n_dims=1"
"CPU_Elastic","TENSOR_META","blk.25.attn_q.weight","","q4_0",-1,-1,-1,4096,4096,1,1,9437184,0.000000,1,"n_dims=2"
"CPU_Elastic","TENSOR_META","blk.25.attn_k.weight","","q4_0",-1,-1,-1,4096,1024,1,1,2359296,0.000000,1,"n_dims=2"
"CPU_Elastic","TENSOR_META","blk.25.attn_v.weight","","q4_0",-1,-1,-1,4096,1024,1,1,2359296,0.000000,1,"n_dims=2"
"CPU_Elastic","TENSOR_META","blk.25.attn_output.weight","","q4_0",-1,-1,-1,4096,4096,1,1,9437184,0.000000,1,"n_dims=2"
"CPU_Elastic","TENSOR_META","blk.25.ffn_norm.weight","","f32",-1,-1,-1,4096,1,1,1,16384,0.000000,1,"n_dims=1"
"CPU_Elastic","TENSOR_META","blk.25.ffn_gate.weight","","q4_0",-1,-1,-1,4096,14336,1,1,33030144,0.000000,1,"n_dims=2"
"CPU_Elastic","TENSOR_META","blk.25.ffn_down.weight","","q4_0",-1,-1,-1,14336,4096,1,1,33030144,0.000000,1,"n_dims=2"
"CPU_Elastic","TENSOR_META","blk.25.ffn_up.weight","","q4_0",-1,-1,-1,4096,14336,1,1,33030144,0.000000,1,"n_dims=2"
"CPU_Elastic","TENSOR_META","blk.26.attn_norm.weight","","f32",-1,-1,-1,4096,1,1,1,16384,0.000000,1,"n_dims=1"
"CPU_Elastic","TENSOR_META","blk.26.attn_q.weight","","q4_0",-1,-1,-1,4096,4096,1,1,9437184,0.000000,1,"n_dims=2"
"CPU_Elastic","TENSOR_META","blk.26.attn_k.weight","","q4_0",-1,-1,-1,4096,1024,1,1,2359296,0.000000,1,"n_dims=2"
"CPU_Elastic","TENSOR_META","blk.26.attn_v.weight","","q4_0",-1,-1,-1,4096,1024,1,1,2359296,0.000000,1,"n_dims=2"
"CPU_Elastic","TENSOR_META","blk.26.attn_output.weight","","q4_0",-1,-1,-1,4096,4096,1,1,9437184,0.000000,1,"n_dims=2"
"CPU_Elastic","TENSOR_META","blk.26.ffn_norm.weight","","f32",-1,-1,-1,4096,1,1,1,16384,0.000000,1,"n_dims=1"
"CPU_Elastic","TENSOR_META","blk.26.ffn_gate.weight","","q4_0",-1,-1,-1,4096,14336,1,1,33030144,0.000000,1,"n_dims=2"
"CPU_Elastic","TENSOR_META","blk.26.ffn_down.weight","","q4_0",-1,-1,-1,14336,4096,1,1,33030144,0.000000,1,"n_dims=2"
"CPU_Elastic","TENSOR_META","blk.26.ffn_up.weight","","q4_0",-1,-1,-1,4096,14336,1,1,33030144,0.000000,1,"n_dims=2"
"CPU_Elastic","TENSOR_META","blk.27.attn_norm.weight","","f32",-1,-1,-1,4096,1,1,1,16384,0.000000,1,"n_dims=1"
"CPU_Elastic","TENSOR_META","blk.27.attn_q.weight","","q4_0",-1,-1,-1,4096,4096,1,1,9437184,0.000000,1,"n_dims=2"
"CPU_Elastic","TENSOR_META","blk.27.attn_k.weight","","q4_0",-1,-1,-1,4096,1024,1,1,2359296,0.000000,1,"n_dims=2"
"CPU_Elastic","TENSOR_META","blk.27.attn_v.weight","","q4_0",-1,-1,-1,4096,1024,1,1,2359296,0.000000,1,"n_dims=2"
"CPU_Elastic","TENSOR_META","blk.27.attn_output.weight","","q4_0",-1,-1,-1,4096,4096,1,1,9437184,0.000000,1,"n_dims=2"
"CPU_Elastic","TENSOR_META","blk.27.ffn_norm.weight","","f32",-1,-1,-1,4096,1,1,1,16384,0.000000,1,"n_dims=1"
"CPU_Elastic","TENSOR_META","blk.27.ffn_gate.weight","","q4_0",-1,-1,-1,4096,14336,1,1,33030144,0.000000,1,"n_dims=2"
"CPU_Elastic","TENSOR_META","blk.27.ffn_down.weight","","q4_0",-1,-1,-1,14336,4096,1,1,33030144,0.000000,1,"n_dims=2"
"CPU_Elastic","TENSOR_META","blk.27.ffn_up.weight","","q4_0",-1,-1,-1,4096,14336,1,1,33030144,0.000000,1,"n_dims=2"
"CPU_Elastic","TENSOR_META","blk.28.attn_norm.weight","","f32",-1,-1,-1,4096,1,1,1,16384,0.000000,1,"n_dims=1"
"CPU_Elastic","TENSOR_META","blk.28.attn_q.weight","","q4_0",-1,-1,-1,4096,4096,1,1,9437184,0.000000,1,"n_dims=2"
"CPU_Elastic","TENSOR_META","blk.28.attn_k.weight","","q4_0",-1,-1,-1,4096,1024,1,1,2359296,0.000000,1,"n_dims=2"
"CPU_Elastic","TENSOR_META","blk.28.attn_v.weight","","q4_0",-1,-1,-1,4096,1024,1,1,2359296,0.000000,1,"n_dims=2"
"CPU_Elastic","TENSOR_META","blk.28.attn_output.weight","","q4_0",-1,-1,-1,4096,4096,1,1,9437184,0.000000,1,"n_dims=2"
"CPU_Elastic","TENSOR_META","blk.28.ffn_norm.weight","","f32",-1,-1,-1,4096,1,1,1,16384,0.000000,1,"n_dims=1"
"CPU_Elastic","TENSOR_META","blk.28.ffn_gate.weight","","q4_0",-1,-1,-1,4096,14336,1,1,33030144,0.000000,1,"n_dims=2"
"CPU_Elastic","TENSOR_META","blk.28.ffn_down.weight","","q4_0",-1,-1,-1,14336,4096,1,1,33030144,0.000000,1,"n_dims=2"
"CPU_Elastic","TENSOR_META","blk.28.ffn_up.weight","","q4_0",-1,-1,-1,4096,14336,1,1,33030144,0.000000,1,"n_dims=2"
"CPU_Elastic","TENSOR_META","blk.29.attn_norm.weight","","f32",-1,-1,-1,4096,1,1,1,16384,0.000000,1,"n_dims=1"
"CPU_Elastic","TENSOR_META","blk.29.attn_q.weight","","q4_0",-1,-1,-1,4096,4096,1,1,9437184,0.000000,1,"n_dims=2"
"CPU_Elastic","TENSOR_META","blk.29.attn_k.weight","","q4_0",-1,-1,-1,4096,1024,1,1,2359296,0.000000,1,"n_dims=2"
"CPU_Elastic","TENSOR_META","blk.29.attn_v.weight","","q4_0",-1,-1,-1,4096,1024,1,1,2359296,0.000000,1,"n_dims=2"
"CPU_Elastic","TENSOR_META","blk.29.attn_output.weight","","q4_0",-1,-1,-1,4096,4096,1,1,9437184,0.000000,1,"n_dims=2"
"CPU_Elastic","TENSOR_META","blk.29.ffn_norm.weight","","f32",-1,-1,-1,4096,1,1,1,16384,0.000000,1,"n_dims=1"
"CPU_Elastic","TENSOR_META","blk.29.ffn_gate.weight","","q4_0",-1,-1,-1,4096,14336,1,1,33030144,0.000000,1,"n_dims=2"
"CPU_Elastic","TENSOR_META","blk.29.ffn_down.weight","","q4_0",-1,-1,-1,14336,4096,1,1,33030144,0.000000,1,"n_dims=2"
"CPU_Elastic","TENSOR_META","blk.29.ffn_up.weight","","q4_0",-1,-1,-1,4096,14336,1,1,33030144,0.000000,1,"n_dims=2"
"CPU_Elastic","TENSOR_META","blk.30.attn_norm.weight","","f32",-1,-1,-1,4096,1,1,1,16384,0.000000,1,"n_dims=1"
"CPU_Elastic","TENSOR_META","blk.30.attn_q.weight","","q4_0",-1,-1,-1,4096,4096,1,1,9437184,0.000000,1,"n_dims=2"
"CPU_Elastic","TENSOR_META","blk.30.attn_k.weight","","q4_0",-1,-1,-1,4096,1024,1,1,2359296,0.000000,1,"n_dims=2"
"CPU_Elastic","TENSOR_META","blk.30.attn_v.weight","","q4_0",-1,-1,-1,4096,1024,1,1,2359296,0.000000,1,"n_dims=2"
"CPU_Elastic","TENSOR_META","blk.30.attn_output.weight","","q4_0",-1,-1,-1,4096,4096,1,1,9437184,0.000000,1,"n_dims=2"
"CPU_Elastic","TENSOR_META","blk.30.ffn_norm.weight","","f32",-1,-1,-1,4096,1,1,1,16384,0.000000,1,"n_dims=1"
"CPU_Elastic","TENSOR_META","blk.30.ffn_gate.weight","","q4_0",-1,-1,-1,4096,14336,1,1,33030144,0.000000,1,"n_dims=2"
"CPU_Elastic","TENSOR_META","blk.30.ffn_down.weight","","q4_0",-1,-1,-1,14336,4096,1,1,33030144,0.000000,1,"n_dims=2"
"CPU_Elastic","TENSOR_META","blk.30.ffn_up.weight","","q4_0",-1,-1,-1,4096,14336,1,1,33030144,0.000000,1,"n_dims=2"
"CPU_Elastic","TENSOR_META","blk.31.attn_norm.weight","","f32",-1,-1,-1,4096,1,1,1,16384,0.000000,1,"n_dims=1"
"CPU_Elastic","TENSOR_META","blk.31.attn_q.weight","","q4_0",-1,-1,-1,4096,4096,1,1,9437184,0.000000,1,"n_dims=2"
"CPU_Elastic","TENSOR_META","blk.31.attn_k.weight","","q4_0",-1,-1,-1,4096,1024,1,1,2359296,0.000000,1,"n_dims=2"
"CPU_Elastic","TENSOR_META","blk.31.attn_v.weight","","q4_0",-1,-1,-1,4096,1024,1,1,2359296,0.000000,1,"n_dims=2"
"CPU_Elastic","TENSOR_META","blk.31.attn_output.weight","","q4_0",-1,-1,-1,4096,4096,1,1,9437184,0.000000,1,"n_dims=2"
"CPU_Elastic","TENSOR_META","blk.31.ffn_norm.weight","","f32",-1,-1,-1,4096,1,1,1,16384,0.000000,1,"n_dims=1"
"CPU_Elastic","TENSOR_META","blk.31.ffn_gate.weight","","q4_0",-1,-1,-1,4096,14336,1,1,33030144,0.000000,1,"n_dims=2"
"CPU_Elastic","TENSOR_META","blk.31.ffn_down.weight","","q4_0",-1,-1,-1,14336,4096,1,1,33030144,0.000000,1,"n_dims=2"
"CPU_Elastic","TENSOR_META","blk.31.ffn_up.weight","","q4_0",-1,-1,-1,4096,14336,1,1,33030144,0.000000,1,"n_dims=2"
