token_idx,layer_0_active_k,layer_1_active_k,layer_2_active_k,layer_3_active_k,layer_4_active_k,layer_5_active_k,layer_6_active_k,layer_7_active_k,layer_8_active_k,layer_9_active_k,layer_10_active_k,layer_11_active_k,layer_12_active_k,layer_13_active_k,layer_14_active_k,layer_15_active_k,total_active_experts,avg_active_experts_per_layer,expert_weight_demand_mib_no_kv
0,8,8,8,8,8,6,4,5,7,8,4,3,3,3,4,5,92,5.75,310.500000
1,8,8,8,8,8,7,7,7,6,4,3,3,3,7,5,5,97,6.0625,327.375000
2,7,8,8,8,8,8,8,8,8,8,7,6,5,2,3,2,104,6.5,351.000000
3,8,8,8,8,8,8,7,6,7,6,7,6,5,5,4,5,106,6.625,357.750000
4,8,7,8,7,7,7,8,6,8,7,7,7,6,5,7,7,112,7.0,378.000000
5,8,8,8,8,8,8,8,8,8,8,7,6,6,4,6,6,115,7.1875,388.125000
6,8,8,8,8,8,8,8,8,8,7,6,8,6,6,4,7,116,7.25,391.500000
7,8,8,8,8,8,8,8,8,8,8,8,7,7,8,7,8,125,7.8125,421.875000
8,8,8,8,8,8,8,8,8,8,7,7,6,7,8,7,8,122,7.625,411.750000
9,8,8,8,8,8,8,8,8,7,8,7,6,4,6,5,6,113,7.0625,381.375000
10,8,8,8,8,8,8,8,7,8,6,5,8,5,5,5,5,110,6.875,371.250000
11,8,8,8,8,2,8,8,7,6,5,4,5,4,3,4,6,94,5.875,317.250000
12,8,8,8,8,8,8,8,6,6,5,7,8,7,6,7,7,115,7.1875,388.125000
13,8,8,8,8,8,8,8,7,5,6,5,5,4,3,4,6,101,6.3125,340.875000
14,6,8,8,8,6,6,6,5,5,6,5,7,5,4,7,8,100,6.25,337.500000
15,8,8,8,8,8,8,8,8,7,6,6,5,4,6,5,5,108,6.75,364.500000
16,8,8,8,8,8,8,8,8,8,8,8,8,5,5,5,5,116,7.25,391.500000
17,7,8,7,8,8,8,7,6,7,5,6,6,5,4,5,6,103,6.4375,347.625000
18,8,8,8,7,8,7,5,5,5,4,5,5,4,4,5,5,93,5.8125,313.875000
19,8,8,8,8,8,8,7,5,5,5,4,4,4,3,3,4,92,5.75,310.500000
20,8,8,8,8,4,8,8,5,4,4,4,5,3,3,4,5,89,5.5625,300.375000
21,8,8,8,8,8,8,7,7,8,6,5,4,3,4,2,2,96,6.0,324.000000
22,7,8,7,7,5,6,5,5,6,6,6,6,4,4,6,4,92,5.75,310.500000
23,6,8,8,8,8,8,7,6,6,5,6,4,6,4,5,5,100,6.25,337.500000
24,8,8,8,8,8,8,8,6,7,6,5,5,4,4,4,4,101,6.3125,340.875000
25,8,8,8,8,8,8,8,6,5,5,4,5,4,3,3,4,95,5.9375,320.625000
26,8,8,8,8,7,7,6,5,5,5,5,6,6,7,7,8,106,6.625,357.750000
27,8,8,8,8,8,8,8,8,8,7,7,7,5,5,6,5,114,7.125,384.750000
28,8,8,8,8,8,8,8,8,8,8,7,7,4,5,7,6,116,7.25,391.500000
29,8,8,8,8,8,8,8,8,8,8,6,6,4,5,4,5,110,6.875,371.250000
30,8,8,8,8,8,8,8,8,6,8,5,5,4,4,4,5,105,6.5625,354.375000
31,8,8,8,8,8,7,6,6,6,6,5,6,4,6,5,8,105,6.5625,354.375000
32,8,8,8,8,8,8,8,7,7,6,7,8,5,5,6,7,114,7.125,384.750000
33,8,8,8,8,8,8,7,6,6,5,5,4,4,5,5,7,102,6.375,344.250000
34,8,8,8,8,2,8,8,5,4,5,4,5,3,3,5,5,89,5.5625,300.375000
35,8,8,8,8,7,7,6,6,6,6,6,7,5,7,6,8,109,6.8125,367.875000
36,8,8,8,8,8,8,8,8,8,7,7,8,5,5,6,6,116,7.25,391.500000
37,8,8,8,8,8,8,8,8,8,7,6,8,6,5,6,6,116,7.25,391.500000
38,8,8,8,8,8,8,7,5,6,5,5,7,7,5,6,6,107,6.6875,361.125000
39,8,6,8,8,8,8,8,7,8,6,6,5,6,6,6,8,112,7.0,378.000000
40,8,8,8,8,8,8,8,8,8,8,8,8,5,5,6,8,120,7.5,405.000000
41,8,8,8,8,8,8,8,6,8,6,6,8,6,5,6,7,114,7.125,384.750000
42,8,8,8,8,8,8,8,8,8,8,5,7,6,6,5,6,115,7.1875,388.125000
43,8,8,8,8,8,8,8,8,8,6,6,5,3,4,5,5,106,6.625,357.750000
44,7,8,8,8,7,8,8,8,8,6,5,6,5,4,5,4,105,6.5625,354.375000
45,6,8,7,7,6,7,7,5,6,7,6,8,5,5,7,6,103,6.4375,347.625000
46,8,8,6,8,8,8,8,8,7,8,7,6,5,6,6,7,114,7.125,384.750000
47,8,8,8,8,8,8,8,8,8,8,6,6,4,6,6,5,113,7.0625,381.375000
48,8,8,8,8,8,8,8,8,8,6,6,8,7,6,6,7,118,7.375,398.250000
49,8,8,8,8,8,8,8,8,7,8,7,6,4,4,4,4,108,6.75,364.500000
50,8,8,8,8,8,8,7,6,7,5,6,6,6,7,6,8,112,7.0,378.000000
51,8,8,8,8,8,8,8,6,6,7,8,6,4,3,4,4,104,6.5,351.000000
52,8,8,8,8,8,8,5,5,5,6,5,6,5,5,6,8,104,6.5,351.000000
53,8,8,8,8,8,8,8,8,8,8,8,8,3,3,5,4,111,6.9375,374.625000
54,8,8,8,8,8,7,6,7,8,5,4,3,4,3,2,3,92,5.75,310.500000
55,8,8,8,6,6,7,5,6,6,6,6,7,6,6,6,8,105,6.5625,354.375000
56,8,8,8,8,8,8,8,8,8,8,6,8,6,7,7,7,121,7.5625,408.375000
57,8,8,8,8,8,8,8,8,8,8,8,8,5,5,5,4,115,7.1875,388.125000
58,8,8,8,8,8,8,8,8,7,6,6,5,4,3,4,4,103,6.4375,347.625000
59,8,8,8,8,5,6,5,5,6,5,6,7,5,5,3,3,93,5.8125,313.875000
60,6,4,8,6,5,8,8,8,8,7,4,4,3,3,2,3,87,5.4375,293.625000
61,8,8,7,5,8,8,8,8,6,6,3,2,2,3,3,2,87,5.4375,293.625000
62,8,5,3,7,4,7,7,7,8,7,5,3,3,4,4,3,85,5.3125,286.875000
63,8,8,8,8,8,8,8,8,8,4,6,5,5,3,4,1,100,6.25,337.500000
64,5,8,8,8,8,8,8,8,8,8,5,4,4,2,5,3,100,6.25,337.500000
65,6,7,7,7,5,6,8,8,8,6,6,5,5,5,5,5,99,6.1875,334.125000
66,8,8,6,8,6,7,8,8,8,6,7,5,4,5,6,5,105,6.5625,354.375000
67,8,8,8,8,8,8,8,8,8,8,6,5,3,3,2,2,101,6.3125,340.875000
68,8,8,7,7,7,7,7,7,6,7,6,7,6,6,7,6,109,6.8125,367.875000
69,8,8,8,8,8,8,8,8,8,8,6,6,5,5,5,7,114,7.125,384.750000
70,8,8,8,8,8,8,8,8,8,8,7,8,5,6,6,5,117,7.3125,394.875000
71,8,8,8,8,8,8,8,8,8,8,8,8,7,8,8,8,127,7.9375,428.625000
72,8,8,8,8,8,8,8,8,8,8,6,7,6,6,5,7,117,7.3125,394.875000
73,8,8,8,8,8,8,8,8,8,8,8,7,5,6,6,6,118,7.375,398.250000
74,7,8,8,8,7,7,7,7,7,8,8,8,5,5,6,6,112,7.0,378.000000
75,8,8,8,8,8,8,8,8,8,8,6,8,4,5,2,2,107,6.6875,361.125000
76,6,8,6,7,8,8,8,8,8,6,7,7,6,4,5,6,108,6.75,364.500000
77,7,8,8,8,8,8,8,7,7,6,6,5,4,4,6,6,106,6.625,357.750000
78,7,8,8,8,8,8,8,8,7,7,8,8,7,5,7,8,120,7.5,405.000000
79,8,8,8,8,8,8,8,7,5,7,7,7,5,3,4,6,107,6.6875,361.125000
80,8,8,8,8,8,8,6,5,6,6,6,6,5,5,5,5,103,6.4375,347.625000
81,8,8,8,8,8,8,8,6,6,7,5,5,3,4,4,3,99,6.1875,334.125000
82,8,8,8,8,8,8,8,6,5,4,5,5,3,2,4,4,94,5.875,317.250000
83,6,7,8,8,5,7,8,6,8,6,4,5,5,3,3,3,92,5.75,310.500000
84,7,8,8,7,6,7,6,5,6,5,6,7,6,5,6,6,101,6.3125,340.875000
85,8,8,8,8,8,8,8,8,8,6,5,6,3,5,4,4,105,6.5625,354.375000
86,8,8,8,8,8,8,8,7,6,5,4,5,4,3,4,4,98,6.125,330.750000
87,8,8,7,8,8,5,7,7,6,7,5,8,4,5,2,3,98,6.125,330.750000
88,5,7,8,7,5,6,4,5,6,6,7,7,6,7,6,7,99,6.1875,334.125000
89,8,8,8,8,8,8,8,8,8,8,8,8,5,5,6,5,117,7.3125,394.875000
90,8,8,8,8,8,8,8,8,8,8,8,8,5,5,6,6,118,7.375,398.250000
91,8,8,8,8,8,8,8,8,8,8,7,7,5,5,5,5,114,7.125,384.750000
92,8,8,8,8,8,8,8,8,7,8,6,6,4,4,4,5,108,6.75,364.500000
93,8,8,8,8,8,8,6,7,7,6,6,7,4,7,5,7,110,6.875,371.250000
94,8,8,8,8,8,8,8,8,8,7,8,8,5,5,5,6,116,7.25,391.500000
95,8,8,8,8,8,8,8,7,7,7,6,5,4,6,4,7,109,6.8125,367.875000
96,8,8,8,8,8,8,8,6,5,5,5,6,4,3,6,7,103,6.4375,347.625000
97,8,8,8,8,8,8,6,6,7,6,8,8,6,7,6,8,116,7.25,391.500000
98,8,8,8,8,8,8,8,8,8,8,7,8,5,5,5,5,115,7.1875,388.125000
99,8,8,8,8,8,8,8,8,8,8,7,8,6,5,5,6,117,7.3125,394.875000
100,8,8,8,8,8,8,8,7,8,5,5,6,4,3,4,6,104,6.5,351.000000
101,8,8,8,8,8,8,7,6,8,7,5,6,6,5,6,6,110,6.875,371.250000
102,8,8,8,8,8,8,8,6,6,8,7,6,4,4,4,5,106,6.625,357.750000
103,8,8,8,8,8,7,6,5,7,6,6,8,6,7,6,8,112,7.0,378.000000
104,8,8,8,8,8,8,8,8,8,8,7,7,5,5,6,6,116,7.25,391.500000
105,8,8,8,8,8,8,8,7,6,6,6,6,4,4,5,6,106,6.625,357.750000
106,7,8,8,8,8,8,8,8,8,7,8,5,6,7,5,6,115,7.1875,388.125000
107,8,8,8,8,8,8,8,8,8,8,6,6,6,6,6,8,118,7.375,398.250000
108,8,8,8,8,8,8,8,5,5,6,3,3,3,3,5,6,95,5.9375,320.625000
109,8,8,8,8,8,8,8,8,8,6,5,7,5,7,5,6,113,7.0625,381.375000
110,8,8,8,8,8,8,8,8,8,7,8,5,4,4,6,6,112,7.0,378.000000
111,7,8,8,8,8,8,8,8,8,7,6,8,5,5,8,7,117,7.3125,394.875000
112,8,8,8,8,8,8,8,8,8,8,7,8,6,6,7,7,121,7.5625,408.375000
113,8,8,8,8,8,8,7,7,6,5,7,8,5,5,4,4,106,6.625,357.750000
114,8,7,8,7,7,8,8,6,7,7,7,8,7,5,5,8,113,7.0625,381.375000
115,8,8,8,8,8,8,8,8,8,8,6,6,4,6,5,7,114,7.125,384.750000
116,8,8,8,8,8,8,8,8,8,8,7,8,7,8,8,8,126,7.875,425.250000
117,8,8,8,8,8,8,8,8,8,8,7,8,5,6,5,6,117,7.3125,394.875000
118,8,8,8,8,8,8,8,7,6,6,6,8,6,6,7,8,116,7.25,391.500000
119,8,8,8,8,8,8,8,8,7,7,6,8,8,7,7,8,122,7.625,411.750000
120,8,8,8,8,8,8,8,8,8,8,7,8,6,6,5,6,118,7.375,398.250000
121,8,8,8,8,8,8,8,8,8,8,8,8,5,5,5,5,116,7.25,391.500000
122,8,8,8,8,8,8,8,8,8,8,6,8,6,5,5,5,115,7.1875,388.125000
123,8,8,8,8,8,8,8,8,7,5,6,6,4,4,5,7,108,6.75,364.500000
124,8,8,8,8,8,8,8,6,6,5,6,6,6,5,5,8,109,6.8125,367.875000
125,8,8,8,8,8,8,8,8,8,8,7,8,5,4,5,7,116,7.25,391.500000
126,8,8,8,7,7,8,8,7,6,6,6,5,7,6,5,8,110,6.875,371.250000
127,8,8,8,8,8,8,8,8,6,8,8,7,5,5,5,6,114,7.125,384.750000
128,7,8,8,8,8,8,7,6,6,6,6,7,7,7,5,8,112,7.0,378.000000
129,8,8,8,8,8,8,8,8,8,8,8,8,6,5,4,7,118,7.375,398.250000
130,5,8,8,8,8,8,8,7,7,7,7,8,7,7,6,8,117,7.3125,394.875000
131,8,8,8,8,8,8,8,8,8,8,6,8,6,6,6,6,118,7.375,398.250000
132,7,8,8,8,8,8,8,8,8,7,7,7,6,5,7,8,118,7.375,398.250000
133,8,8,8,8,8,8,8,8,8,8,7,8,5,5,6,7,118,7.375,398.250000
134,8,8,8,8,8,8,8,7,7,6,6,8,5,4,4,4,107,6.6875,361.125000
135,8,8,8,7,8,8,8,7,7,6,7,7,7,6,6,8,116,7.25,391.500000
136,8,8,8,8,8,8,8,8,8,8,6,6,5,6,4,6,113,7.0625,381.375000
137,8,8,8,8,8,8,8,8,8,8,8,8,8,8,8,8,128,8.0,432.000000
138,8,8,8,8,8,8,8,8,8,8,7,8,6,6,6,6,119,7.4375,401.625000
139,8,8,8,8,8,8,8,8,8,8,5,6,6,5,6,7,115,7.1875,388.125000
140,8,8,8,8,8,8,8,8,8,8,8,8,6,5,6,6,119,7.4375,401.625000
141,8,8,8,8,8,8,8,8,8,8,7,7,7,5,6,7,119,7.4375,401.625000
142,8,8,8,8,8,8,8,8,8,6,6,8,6,5,5,7,115,7.1875,388.125000
143,8,8,8,8,8,8,8,8,8,8,6,8,8,7,8,8,125,7.8125,421.875000
144,8,8,8,8,8,8,8,8,8,8,8,8,6,6,7,7,122,7.625,411.750000
145,8,8,8,8,8,8,8,8,8,7,6,4,4,5,4,5,107,6.6875,361.125000
146,8,8,8,8,8,8,8,8,8,7,8,7,6,5,5,6,116,7.25,391.500000
147,8,8,8,8,8,8,8,8,8,8,7,8,7,8,8,8,126,7.875,425.250000
148,8,8,8,8,8,8,8,8,8,8,7,7,5,5,5,4,113,7.0625,381.375000
149,8,8,8,8,8,8,8,8,7,7,6,6,5,5,5,6,111,6.9375,374.625000
150,7,8,8,7,7,8,6,6,8,6,6,7,7,7,7,8,113,7.0625,381.375000
151,8,8,8,8,8,8,8,8,8,8,8,8,6,8,6,8,124,7.75,418.500000
152,8,8,8,8,8,8,8,8,8,8,7,6,6,5,6,4,114,7.125,384.750000
153,8,8,8,8,8,8,8,8,8,6,6,6,4,3,4,3,104,6.5,351.000000
154,8,8,8,8,8,8,8,8,8,7,6,8,5,4,4,3,109,6.8125,367.875000
155,5,8,8,7,5,7,7,7,7,7,5,8,7,7,7,8,110,6.875,371.250000
156,8,8,8,8,8,8,8,8,8,8,8,8,5,4,5,3,113,7.0625,381.375000
157,6,8,8,8,8,8,8,8,8,7,7,7,4,3,4,3,105,6.5625,354.375000
158,8,8,8,8,5,8,8,8,7,8,7,8,5,6,3,3,108,6.75,364.500000
159,6,5,8,7,4,8,7,8,7,8,7,8,8,7,7,8,113,7.0625,381.375000
160,8,8,8,8,8,8,8,8,8,8,7,8,8,7,6,5,121,7.5625,408.375000
161,8,8,8,8,8,8,8,8,8,8,5,6,6,5,5,7,114,7.125,384.750000
162,5,8,8,8,8,8,7,8,7,6,7,8,7,5,6,6,112,7.0,378.000000
163,8,8,8,7,8,8,8,8,7,6,6,6,6,6,6,6,112,7.0,378.000000
164,8,8,8,8,8,8,8,8,8,8,6,8,8,7,6,7,122,7.625,411.750000
165,8,8,8,8,8,8,8,8,8,7,8,4,8,8,5,8,120,7.5,405.000000
166,8,8,8,8,8,8,8,8,8,8,8,8,7,5,5,4,117,7.3125,394.875000
167,8,8,8,8,8,6,5,7,7,6,5,6,7,6,7,8,110,6.875,371.250000
168,8,8,8,8,8,8,8,8,8,8,7,8,7,6,6,6,120,7.5,405.000000
169,8,8,8,8,8,8,8,8,8,8,6,8,7,6,7,8,122,7.625,411.750000
170,8,8,8,8,8,8,8,8,8,8,8,7,7,6,5,6,119,7.4375,401.625000
171,8,8,8,8,8,8,8,8,8,7,4,7,5,7,6,7,115,7.1875,388.125000
172,8,8,8,8,8,8,8,8,8,8,5,8,6,7,4,5,115,7.1875,388.125000
173,7,8,8,8,8,8,8,8,8,8,6,7,7,7,7,7,120,7.5,405.000000
174,7,8,8,8,8,8,8,8,8,5,5,7,7,5,6,6,112,7.0,378.000000
175,8,8,8,8,8,8,8,8,8,7,7,6,5,5,3,5,110,6.875,371.250000
176,8,8,8,8,8,8,8,8,8,7,4,4,3,3,3,2,98,6.125,330.750000
177,6,8,8,8,5,7,6,5,7,6,5,8,8,7,6,6,106,6.625,357.750000
178,8,8,8,8,8,8,8,8,8,8,8,8,7,5,4,6,118,7.375,398.250000
179,4,8,8,8,8,7,6,6,7,6,7,8,8,8,7,8,114,7.125,384.750000
180,8,8,8,8,8,8,8,8,8,8,6,8,5,5,6,5,115,7.1875,388.125000
181,8,8,8,8,8,8,8,8,8,8,7,8,8,6,6,7,122,7.625,411.750000
182,8,8,8,8,8,8,8,8,8,8,8,7,7,6,7,7,122,7.625,411.750000
183,8,8,8,8,8,8,8,8,8,7,8,6,7,5,8,8,121,7.5625,408.375000
184,8,8,8,8,8,8,8,8,8,8,8,7,4,4,5,6,114,7.125,384.750000
185,8,8,8,8,8,8,8,8,7,6,7,8,5,4,5,4,110,6.875,371.250000
186,8,8,8,8,7,8,8,7,8,6,8,8,8,7,8,8,123,7.6875,415.125000
187,8,8,8,8,8,8,8,8,8,8,8,8,8,5,8,8,125,7.8125,421.875000
188,8,8,8,8,8,8,8,8,8,8,8,8,6,6,6,8,122,7.625,411.750000
189,8,8,8,8,8,8,7,7,8,7,6,8,8,8,8,8,123,7.6875,415.125000
190,8,8,8,8,8,8,8,8,8,8,6,8,6,5,5,5,115,7.1875,388.125000
191,8,8,8,8,8,8,8,8,8,7,6,8,7,5,6,8,119,7.4375,401.625000
192,8,8,8,8,8,8,8,7,7,6,5,6,5,5,6,8,111,6.9375,374.625000
193,5,8,8,8,8,8,8,8,8,7,7,7,6,6,7,8,117,7.3125,394.875000
194,8,8,8,8,8,8,8,8,8,8,8,8,7,8,8,8,127,7.9375,428.625000
195,8,8,8,8,8,8,8,8,8,8,6,7,8,7,6,8,122,7.625,411.750000
196,8,8,8,8,8,8,8,7,5,6,4,3,3,2,2,4,92,5.75,310.500000
197,8,8,8,8,8,8,8,8,8,7,6,5,6,7,5,6,114,7.125,384.750000
198,8,8,8,8,8,8,8,8,8,8,7,6,5,3,3,2,106,6.625,357.750000
199,8,8,8,8,8,8,8,8,8,6,8,7,5,5,4,5,112,7.0,378.000000
200,8,7,8,7,8,8,8,7,8,8,8,7,6,5,6,7,116,7.25,391.500000
201,8,8,8,8,8,8,8,8,8,8,7,6,4,5,5,5,112,7.0,378.000000
202,8,8,8,8,8,8,8,8,8,5,8,8,8,8,6,8,123,7.6875,415.125000
203,8,8,8,8,8,8,8,8,8,7,7,7,4,4,5,6,112,7.0,378.000000
204,8,8,8,8,8,8,8,8,8,6,7,6,5,5,7,7,115,7.1875,388.125000
205,6,8,8,8,8,8,8,8,7,6,7,7,8,8,7,8,120,7.5,405.000000
206,8,8,8,8,8,8,8,8,8,7,6,8,8,8,8,8,125,7.8125,421.875000
207,8,8,8,8,8,8,8,8,8,8,8,8,4,4,5,4,113,7.0625,381.375000
208,8,8,8,8,7,7,5,5,5,5,4,8,5,4,5,5,97,6.0625,327.375000
209,6,5,8,8,8,8,8,7,8,6,6,6,8,7,7,8,114,7.125,384.750000
210,8,8,8,8,8,8,8,8,8,8,8,8,4,4,5,4,113,7.0625,381.375000
211,8,8,8,8,8,8,8,8,7,6,6,6,3,3,5,5,105,6.5625,354.375000
212,8,8,8,8,8,8,6,6,7,7,6,6,5,4,7,4,106,6.625,357.750000
213,8,8,6,7,6,7,8,6,7,6,5,6,6,6,6,7,105,6.5625,354.375000
214,8,8,8,8,8,8,8,6,6,6,6,5,3,4,4,6,102,6.375,344.250000
215,8,8,8,8,8,8,8,6,5,4,5,6,3,3,5,6,99,6.1875,334.125000
216,6,8,8,8,7,8,8,7,8,7,4,5,5,3,2,3,97,6.0625,327.375000
217,7,8,8,8,7,7,6,6,7,6,7,8,8,8,8,8,117,7.3125,394.875000
218,8,8,8,8,8,8,8,8,8,8,7,8,4,4,6,4,113,7.0625,381.375000
219,7,8,8,8,8,8,8,8,8,6,6,7,4,3,5,5,107,6.6875,361.125000
220,8,8,8,8,8,7,8,7,8,7,7,8,8,8,8,8,124,7.75,418.500000
221,8,8,8,8,8,8,8,8,8,8,8,8,4,4,5,5,114,7.125,384.750000
222,8,8,8,8,8,8,8,8,8,8,8,8,4,4,5,5,114,7.125,384.750000
223,7,8,8,8,8,8,8,8,8,7,7,7,3,3,4,5,107,6.6875,361.125000
224,8,8,8,7,6,8,6,5,7,7,6,8,6,5,8,8,111,6.9375,374.625000
225,8,8,8,8,8,8,8,7,6,7,5,7,4,3,4,5,104,6.5,351.000000
226,8,8,8,8,8,8,8,5,5,4,6,6,4,3,5,5,99,6.1875,334.125000
227,8,8,8,7,7,7,6,5,7,6,7,8,7,6,7,8,112,7.0,378.000000
228,8,8,8,8,8,8,8,8,8,8,6,7,5,3,5,3,109,6.8125,367.875000
229,8,8,8,8,8,8,8,8,8,8,6,5,3,2,2,3,101,6.3125,340.875000
230,4,8,8,5,8,6,7,7,6,6,3,3,5,4,4,3,87,5.4375,293.625000
231,8,7,4,5,6,5,6,6,6,5,5,4,6,4,6,7,90,5.625,303.750000
232,8,8,5,8,8,8,8,8,6,7,7,8,8,8,8,8,121,7.5625,408.375000
233,8,8,8,8,8,8,8,8,8,8,7,7,6,6,5,6,117,7.3125,394.875000
234,8,8,8,8,8,7,6,6,7,6,6,8,5,4,6,5,106,6.625,357.750000
235,8,8,8,7,8,8,8,8,7,8,4,5,4,3,3,3,100,6.25,337.500000
236,7,6,5,7,7,8,8,8,8,7,6,7,5,4,5,4,102,6.375,344.250000
237,8,8,8,7,7,7,7,6,7,7,7,7,5,5,5,6,107,6.6875,361.125000
238,8,8,8,8,8,8,8,8,8,8,7,8,5,6,6,6,118,7.375,398.250000
239,8,8,8,8,8,8,8,8,8,7,8,8,8,8,5,8,124,7.75,418.500000
240,8,8,8,8,8,8,8,8,8,8,8,8,6,4,5,3,114,7.125,384.750000
241,8,8,8,8,8,8,8,8,8,8,6,8,4,3,4,3,108,6.75,364.500000
242,8,8,8,8,6,8,8,8,7,7,5,6,5,7,3,3,105,6.5625,354.375000
243,6,4,8,7,5,7,6,7,6,7,6,8,7,8,7,8,107,6.6875,361.125000
244,8,8,8,8,8,8,8,8,8,8,8,8,6,5,6,6,119,7.4375,401.625000
245,8,8,8,8,8,8,8,8,8,8,8,7,4,4,5,4,112,7.0,378.000000
246,8,8,8,8,8,8,8,8,8,8,8,8,6,5,5,5,117,7.3125,394.875000
247,8,8,8,8,8,8,8,7,7,8,8,8,4,4,5,4,111,6.9375,374.625000
248,8,8,8,8,8,8,8,6,5,5,5,6,4,3,5,4,99,6.1875,334.125000
249,6,8,8,7,8,8,8,6,7,6,5,7,5,4,3,5,101,6.3125,340.875000
250,8,8,8,8,8,8,8,6,5,6,7,7,4,3,5,4,103,6.4375,347.625000
251,7,8,8,8,8,8,8,6,4,4,5,6,4,3,6,6,99,6.1875,334.125000
252,8,8,8,8,7,8,6,6,6,5,5,6,5,6,5,6,103,6.4375,347.625000
253,8,8,8,8,8,8,8,8,8,8,7,8,6,6,7,6,120,7.5,405.000000
254,8,8,8,8,8,8,8,8,8,8,8,8,5,4,5,4,114,7.125,384.750000
255,8,8,8,8,8,7,7,7,7,6,5,4,2,4,2,2,93,5.8125,313.875000
256,8,7,3,4,6,6,7,8,6,7,4,4,3,6,4,3,86,5.375,290.250000
257,6,4,7,6,7,7,6,7,6,6,8,5,5,5,6,6,97,6.0625,327.375000
258,8,8,6,8,8,7,8,8,6,8,8,8,6,5,6,7,115,7.1875,388.125000
259,8,8,8,8,8,8,8,8,8,8,8,7,4,5,4,5,113,7.0625,381.375000
260,6,8,8,8,8,8,8,8,8,7,8,8,7,6,6,7,119,7.4375,401.625000
261,8,8,8,8,8,8,8,8,8,8,8,7,4,3,5,4,111,6.9375,374.625000
262,7,8,8,8,8,8,8,7,8,6,7,6,7,7,6,8,117,7.3125,394.875000
263,8,8,8,8,8,8,8,7,7,8,8,7,4,4,4,4,109,6.8125,367.875000
264,8,8,8,8,8,8,5,6,6,7,5,6,5,5,6,7,106,6.625,357.750000
265,8,8,8,8,8,8,8,8,8,8,8,8,4,3,5,5,113,7.0625,381.375000
266,8,8,8,8,8,8,8,8,8,6,5,4,4,3,3,2,99,6.1875,334.125000
267,6,8,8,7,8,8,6,6,6,7,6,8,6,6,6,8,110,6.875,371.250000
268,8,8,8,8,8,8,8,8,8,8,8,7,6,6,5,6,118,7.375,398.250000
269,8,8,8,8,8,8,8,8,8,8,6,5,4,4,6,6,111,6.9375,374.625000
270,7,8,8,8,8,8,8,8,8,7,6,8,6,6,8,8,120,7.5,405.000000
271,8,8,8,8,8,8,8,8,8,8,8,7,5,4,5,5,114,7.125,384.750000
272,8,8,8,8,8,8,8,8,8,8,8,8,5,5,8,8,122,7.625,411.750000
273,8,8,8,8,8,8,8,8,8,8,8,8,6,5,6,7,120,7.5,405.000000
274,8,8,8,8,8,8,8,8,8,8,7,6,5,5,6,5,114,7.125,384.750000
275,7,8,8,8,8,8,8,8,8,7,8,8,7,6,8,8,123,7.6875,415.125000
276,8,8,8,8,8,8,8,8,8,8,8,8,5,6,6,5,118,7.375,398.250000
277,8,8,8,8,8,8,8,8,8,8,6,6,5,4,7,7,115,7.1875,388.125000
278,8,8,8,8,8,8,8,8,8,8,8,8,5,5,6,6,118,7.375,398.250000
279,7,8,8,8,8,8,8,8,8,8,6,6,6,5,8,7,117,7.3125,394.875000
280,6,8,8,8,8,8,8,8,8,6,8,6,6,7,6,8,117,7.3125,394.875000
281,8,8,8,8,8,8,8,8,8,8,8,4,4,5,5,6,112,7.0,378.000000
282,8,8,8,8,8,8,8,8,7,6,7,8,5,5,5,5,112,7.0,378.000000
283,8,8,8,8,8,8,8,8,8,7,8,8,8,7,8,8,126,7.875,425.250000
284,8,8,8,8,8,8,8,8,8,8,6,7,8,6,5,8,120,7.5,405.000000
285,8,8,8,8,8,8,8,6,6,5,3,3,3,2,3,4,91,5.6875,307.125000
286,8,8,8,8,8,8,8,8,8,8,6,7,6,8,5,6,118,7.375,398.250000
287,8,8,8,8,8,8,8,8,8,8,7,7,6,6,6,6,118,7.375,398.250000
288,5,8,8,8,8,8,8,8,8,8,6,7,7,8,8,8,121,7.5625,408.375000
289,8,8,8,8,8,8,8,8,8,7,8,8,6,6,6,7,120,7.5,405.000000
290,8,8,8,7,8,8,8,8,8,8,8,8,8,6,7,8,124,7.75,418.500000
291,8,8,8,8,8,8,8,8,8,8,7,8,7,8,8,8,126,7.875,425.250000
292,8,8,8,8,8,8,8,8,8,8,8,7,6,4,5,8,118,7.375,398.250000
293,8,8,8,8,8,8,8,8,8,8,6,7,5,6,5,8,117,7.3125,394.875000
294,8,8,8,8,8,8,8,8,8,8,8,8,8,8,8,8,128,8.0,432.000000
295,8,8,8,8,8,8,8,8,8,8,8,8,7,6,7,6,122,7.625,411.750000
296,8,8,8,8,8,8,8,8,8,7,7,7,6,7,7,7,120,7.5,405.000000
297,8,8,8,8,8,8,8,8,8,8,8,8,5,5,6,6,118,7.375,398.250000
298,8,8,8,8,8,8,8,8,8,7,6,6,4,4,6,6,111,6.9375,374.625000
299,8,8,8,8,8,7,8,8,6,8,4,7,5,5,6,5,109,6.8125,367.875000
300,7,8,8,8,8,8,8,8,6,6,6,5,7,7,5,8,113,7.0625,381.375000
301,8,8,8,8,8,8,8,8,8,8,8,6,4,5,5,7,115,7.1875,388.125000
302,8,8,8,8,8,8,8,8,8,6,5,6,4,4,2,3,102,6.375,344.250000
303,7,8,8,8,8,7,7,6,7,6,6,8,6,6,8,8,114,7.125,384.750000
304,8,8,8,8,8,8,8,8,8,8,8,8,6,6,8,7,123,7.6875,415.125000
305,6,8,8,8,8,8,8,8,8,8,8,7,5,5,7,8,118,7.375,398.250000
306,8,8,8,8,8,8,7,8,6,6,5,7,5,4,6,6,108,6.75,364.500000
307,7,8,8,8,8,8,8,8,7,6,6,5,6,8,5,7,113,7.0625,381.375000
308,8,8,8,8,8,8,8,8,8,8,7,6,5,5,4,6,113,7.0625,381.375000
309,8,8,8,8,8,8,8,8,8,8,8,8,6,7,4,6,119,7.4375,401.625000
310,8,8,8,8,8,8,8,8,8,7,7,5,4,5,5,7,112,7.0,378.000000
311,6,8,8,8,8,8,8,8,8,7,6,7,5,8,5,7,115,7.1875,388.125000
312,8,8,8,8,6,8,8,8,7,8,7,7,4,4,4,7,110,6.875,371.250000
313,8,8,8,8,8,8,8,6,6,5,5,5,3,3,5,5,99,6.1875,334.125000
314,8,8,8,8,8,8,8,8,8,7,8,8,6,6,5,6,118,7.375,398.250000
315,8,8,8,8,8,8,8,8,8,8,8,7,5,6,5,5,116,7.25,391.500000
316,8,8,8,8,8,8,8,8,8,7,8,5,4,4,5,5,110,6.875,371.250000
317,8,8,8,7,7,8,5,5,7,6,6,8,5,4,6,6,104,6.5,351.000000
318,8,8,8,8,8,8,8,8,6,7,6,7,3,3,4,6,106,6.625,357.750000
319,8,8,8,8,8,8,7,8,8,5,5,6,4,5,3,4,103,6.4375,347.625000
320,6,8,8,7,8,6,5,7,7,7,6,8,5,5,5,7,105,6.5625,354.375000
321,8,8,8,8,8,8,8,8,8,8,7,7,4,5,5,6,114,7.125,384.750000
322,6,8,8,8,8,8,8,8,8,6,8,8,8,8,7,8,123,7.6875,415.125000
323,8,8,8,8,8,8,8,8,8,8,8,7,4,4,5,5,113,7.0625,381.375000
324,8,8,8,8,8,8,5,7,7,7,5,6,5,5,7,7,109,6.8125,367.875000
325,8,8,8,8,8,8,8,8,8,8,8,8,4,3,4,5,112,7.0,378.000000
326,8,8,8,8,8,8,8,8,7,4,4,4,3,3,3,2,94,5.875,317.250000
327,6,8,8,6,7,7,6,7,8,6,6,8,8,6,8,8,113,7.0625,381.375000
328,8,8,8,8,8,8,8,8,8,8,6,8,6,6,8,8,122,7.625,411.750000
329,8,8,8,8,8,8,8,8,8,8,8,8,4,5,6,5,116,7.25,391.500000
330,6,8,8,8,8,8,7,8,7,7,5,6,4,4,7,4,105,6.5625,354.375000
331,8,8,8,8,8,8,8,8,8,8,7,8,4,4,5,4,112,7.0,378.000000
332,7,7,8,7,8,8,6,7,6,7,6,6,5,5,6,5,104,6.5,351.000000
333,8,8,8,8,8,8,6,7,7,7,5,6,5,4,4,4,103,6.4375,347.625000
334,4,8,8,8,8,8,6,6,7,6,5,5,5,5,6,7,102,6.375,344.250000
335,8,8,8,8,8,8,8,8,8,7,8,7,4,4,6,5,113,7.0625,381.375000
336,7,8,8,8,8,8,7,8,6,8,6,7,4,6,6,4,109,6.8125,367.875000
337,8,8,8,8,8,8,8,8,8,8,8,8,4,4,6,4,114,7.125,384.750000
338,7,8,8,8,7,7,7,6,6,8,6,8,5,6,5,5,107,6.6875,361.125000
339,8,6,8,7,8,8,8,8,8,8,8,7,6,4,5,5,112,7.0,378.000000
340,4,8,8,8,8,8,7,7,6,6,5,8,5,5,5,7,105,6.5625,354.375000
341,8,8,8,8,8,8,8,8,8,8,8,7,4,6,5,5,115,7.1875,388.125000
342,8,8,8,8,8,8,8,8,8,8,8,8,5,5,7,6,119,7.4375,401.625000
343,7,8,8,8,8,8,8,8,8,8,8,7,6,5,6,6,117,7.3125,394.875000
344,8,8,8,8,8,8,8,8,8,8,6,8,7,5,5,6,117,7.3125,394.875000
345,8,8,8,8,8,8,8,8,8,8,8,8,8,8,6,8,126,7.875,425.250000
346,8,8,8,8,8,8,8,8,8,8,8,8,6,3,5,2,112,7.0,378.000000
347,8,8,8,8,8,8,8,8,8,8,7,7,4,3,4,3,108,6.75,364.500000
348,8,8,8,8,6,7,8,8,8,6,5,4,3,3,2,2,94,5.875,317.250000
349,8,7,4,4,5,6,7,8,7,7,4,4,3,5,4,3,86,5.375,290.250000
350,6,4,7,7,6,7,7,7,7,6,7,6,5,4,6,5,97,6.0625,327.375000
351,8,8,6,7,7,8,7,7,7,7,8,8,7,7,8,8,118,7.375,398.250000
352,8,8,8,8,8,8,8,8,8,8,8,8,6,6,7,6,121,7.5625,408.375000
353,4,8,8,8,8,8,8,8,8,8,8,5,7,6,6,6,114,7.125,384.750000
354,8,8,8,8,8,8,8,8,8,8,6,8,5,6,4,6,115,7.1875,388.125000
355,8,8,8,8,8,8,8,8,8,8,8,8,7,8,6,8,125,7.8125,421.875000
356,8,8,8,8,8,8,8,8,8,8,8,7,7,8,7,8,125,7.8125,421.875000
357,8,8,8,8,8,8,8,8,8,8,8,8,4,6,6,6,118,7.375,398.250000
358,8,8,8,8,8,8,8,6,8,6,7,7,6,5,5,5,111,6.9375,374.625000
359,8,8,8,8,8,8,8,7,5,5,5,6,4,3,4,5,100,6.25,337.500000
360,7,8,8,8,8,8,8,6,6,6,7,7,5,6,6,8,112,7.0,378.000000
361,8,8,8,8,8,8,8,8,8,8,8,8,5,5,5,5,116,7.25,391.500000
362,4,8,8,8,8,8,8,7,8,6,6,7,5,4,4,7,106,6.625,357.750000
363,8,8,8,8,8,8,8,6,7,6,6,7,5,4,5,6,108,6.75,364.500000
364,8,8,8,8,8,8,8,8,8,8,8,8,4,4,4,6,114,7.125,384.750000
365,5,8,8,8,8,8,8,8,8,7,6,6,6,6,5,7,112,7.0,378.000000
366,8,8,8,8,8,8,8,8,8,8,8,7,5,6,5,6,117,7.3125,394.875000
367,8,8,8,8,8,8,8,7,6,6,4,3,3,3,3,4,95,5.9375,320.625000
368,8,8,8,8,8,8,8,8,8,8,7,7,6,8,5,5,118,7.375,398.250000
369,7,8,8,8,8,8,8,8,8,8,8,6,5,3,3,2,106,6.625,357.750000
370,7,8,8,8,8,8,8,8,8,7,7,7,5,5,4,5,111,6.9375,374.625000
371,7,7,8,7,8,8,8,7,8,8,8,6,6,5,6,7,114,7.125,384.750000
372,8,8,8,8,8,8,8,8,8,8,8,8,5,4,5,6,116,7.25,391.500000
373,8,8,8,8,8,8,8,8,8,8,8,8,4,6,7,7,120,7.5,405.000000
374,8,8,8,8,8,8,8,8,8,8,8,7,5,6,7,8,121,7.5625,408.375000
375,7,8,8,8,8,8,8,8,8,8,8,7,7,8,8,8,125,7.8125,421.875000
376,8,8,8,8,8,8,8,8,8,8,8,8,5,6,6,6,119,7.4375,401.625000
377,8,8,8,8,8,8,8,8,7,6,5,7,4,4,6,6,109,6.8125,367.875000
378,8,7,8,8,8,8,8,7,6,6,6,6,8,7,8,8,117,7.3125,394.875000
379,8,8,8,8,8,8,8,8,8,8,8,6,5,6,5,5,115,7.1875,388.125000
380,8,8,8,8,8,8,8,8,8,8,8,8,5,5,5,5,116,7.25,391.500000
381,8,8,8,8,8,8,8,8,8,8,7,7,4,5,4,5,112,7.0,378.000000
382,8,8,8,8,8,8,8,7,7,7,6,6,6,5,5,8,113,7.0625,381.375000
383,8,8,8,8,8,8,8,7,8,8,8,7,5,4,4,7,114,7.125,384.750000
384,8,8,8,8,8,8,8,8,8,8,6,6,5,5,6,8,116,7.25,391.500000
385,8,8,8,8,8,8,8,8,8,8,8,6,6,5,4,5,114,7.125,384.750000
386,6,8,8,8,8,8,8,8,8,8,8,8,8,8,8,8,126,7.875,425.250000
387,8,8,8,8,8,8,8,8,8,7,8,7,5,5,5,8,117,7.3125,394.875000
388,6,8,8,8,8,7,7,8,7,7,6,7,4,4,6,6,107,6.6875,361.125000
389,7,7,8,8,8,6,6,6,5,5,7,6,7,6,6,8,106,6.625,357.750000
390,8,8,8,8,8,8,8,8,8,8,7,8,5,5,6,6,117,7.3125,394.875000
391,8,8,8,8,8,8,8,8,8,8,7,7,4,4,4,5,111,6.9375,374.625000
392,8,8,8,8,8,8,8,8,8,7,5,4,3,3,2,3,99,6.1875,334.125000
393,8,8,8,8,8,6,5,6,6,7,5,8,6,6,6,7,108,6.75,364.500000
394,8,8,8,8,8,8,8,8,8,8,8,8,5,3,6,6,116,7.25,391.500000
395,7,8,8,8,8,8,8,8,8,7,5,5,5,3,5,5,106,6.625,357.750000
396,5,8,8,8,7,5,6,6,7,7,6,8,8,7,8,8,112,7.0,378.000000
397,8,8,8,8,8,8,8,8,8,8,7,8,6,7,7,7,122,7.625,411.750000
398,8,8,8,8,8,8,8,8,8,8,8,8,5,5,6,6,118,7.375,398.250000
399,4,8,8,8,8,8,8,8,8,8,8,6,6,6,6,5,113,7.0625,381.375000
400,8,8,8,8,8,8,8,8,8,8,6,8,5,6,4,7,116,7.25,391.500000
401,8,8,8,8,8,8,8,8,8,8,7,8,6,8,5,6,120,7.5,405.000000
402,6,8,8,8,8,8,8,8,8,8,8,7,7,8,7,8,123,7.6875,415.125000
403,8,8,8,8,8,8,8,8,8,8,8,7,4,6,5,6,116,7.25,391.500000
404,8,8,8,7,1,8,8,8,7,6,6,6,3,3,3,5,95,5.9375,320.625000
405,7,8,8,8,8,7,8,8,8,5,6,7,6,6,6,8,114,7.125,384.750000
406,8,8,8,8,8,8,8,8,7,7,6,7,4,5,4,6,110,6.875,371.250000
407,8,8,8,8,8,6,6,6,7,6,6,8,5,5,5,6,106,6.625,357.750000
408,8,8,8,8,8,8,8,8,8,8,8,8,4,5,4,6,115,7.1875,388.125000
409,8,8,8,8,8,8,8,8,7,8,8,8,4,5,5,6,115,7.1875,388.125000
410,6,8,8,8,8,7,7,7,6,7,7,6,6,7,5,8,111,6.9375,374.625000
411,8,8,8,8,8,8,8,7,8,7,6,6,4,4,3,5,106,6.625,357.750000
412,8,8,8,8,8,8,8,7,6,5,4,5,4,3,4,5,99,6.1875,334.125000
413,8,8,8,8,8,6,6,7,6,6,7,8,8,8,8,8,118,7.375,398.250000
414,8,8,8,8,8,8,8,8,8,8,7,6,4,5,5,7,114,7.125,384.750000
415,8,8,8,8,8,8,8,7,7,6,5,6,3,3,5,6,104,6.5,351.000000
416,8,8,8,8,8,8,8,8,8,7,8,8,6,6,6,7,120,7.5,405.000000
417,8,8,8,8,8,8,8,8,8,8,8,7,5,7,6,7,120,7.5,405.000000
418,7,8,8,8,8,8,8,8,8,8,7,8,7,8,8,8,125,7.8125,421.875000
419,8,8,8,8,8,8,8,8,8,8,7,6,4,4,7,8,116,7.25,391.500000
420,8,8,8,8,8,8,8,8,8,8,8,8,8,7,8,8,127,7.9375,428.625000
421,8,8,8,8,8,8,8,8,8,8,8,8,5,6,7,8,122,7.625,411.750000
422,8,8,8,8,8,8,8,8,8,7,8,8,5,7,5,6,118,7.375,398.250000
423,7,8,8,8,8,8,8,8,8,7,8,8,8,6,8,8,124,7.75,418.500000
424,8,8,8,8,8,8,8,8,8,8,8,8,5,6,7,8,122,7.625,411.750000
425,8,8,8,8,8,8,8,8,8,7,5,8,5,4,7,7,115,7.1875,388.125000
426,8,7,8,8,8,8,8,8,8,8,8,8,7,5,7,8,122,7.625,411.750000
427,8,8,8,8,8,8,8,8,8,8,7,7,4,7,5,8,118,7.375,398.250000
428,8,8,8,8,8,8,8,8,8,8,8,8,7,8,8,8,127,7.9375,428.625000
429,8,8,8,8,8,8,8,8,8,8,7,8,4,7,6,8,120,7.5,405.000000
430,7,8,8,8,8,8,8,8,8,6,6,6,5,5,6,7,112,7.0,378.000000
431,8,8,8,8,8,8,8,8,8,6,7,7,6,7,6,8,119,7.4375,401.625000
432,8,8,8,8,8,8,8,8,8,8,8,6,4,5,4,6,113,7.0625,381.375000
433,8,8,8,8,8,8,8,8,7,7,6,7,8,6,6,8,119,7.4375,401.625000
434,8,8,8,8,8,8,8,8,8,8,8,8,6,7,7,8,124,7.75,418.500000
435,7,8,8,8,8,8,8,8,8,7,6,8,6,5,6,7,116,7.25,391.500000
436,8,8,8,8,8,8,8,8,8,5,5,4,4,3,2,2,97,6.0625,327.375000
437,8,8,8,8,8,8,8,8,8,7,6,8,6,5,6,8,118,7.375,398.250000
438,8,8,8,8,8,8,8,8,8,8,7,8,8,7,7,8,125,7.8125,421.875000
439,8,8,8,8,8,8,8,8,7,6,4,3,3,3,3,3,96,6.0,324.000000
440,8,8,8,8,8,8,8,8,8,8,7,6,6,8,6,7,120,7.5,405.000000
441,8,8,8,8,8,8,8,8,8,8,8,8,6,7,8,8,125,7.8125,421.875000
442,6,8,8,8,8,8,8,8,8,8,8,8,8,8,8,8,126,7.875,425.250000
443,8,8,8,8,8,8,8,8,8,8,7,8,8,8,8,8,127,7.9375,428.625000
444,7,8,8,8,8,8,8,8,8,7,8,8,6,8,8,7,123,7.6875,415.125000
445,8,7,8,8,8,8,8,8,8,8,8,8,7,5,7,7,121,7.5625,408.375000
446,8,8,8,8,8,8,8,8,8,8,8,8,4,5,5,7,117,7.3125,394.875000
447,8,8,8,8,8,8,8,8,8,7,5,7,5,5,4,6,111,6.9375,374.625000
448,8,8,8,8,8,8,8,8,8,8,6,6,5,5,5,6,113,7.0625,381.375000
449,8,8,8,8,8,8,8,8,8,7,8,5,8,8,5,8,121,7.5625,408.375000
450,8,8,8,8,8,8,8,8,8,8,8,6,4,5,5,6,114,7.125,384.750000
451,8,8,8,8,8,8,8,8,7,6,5,5,4,3,5,6,105,6.5625,354.375000
452,8,8,8,8,8,8,8,8,7,6,7,8,8,5,6,6,117,7.3125,394.875000
453,8,8,8,8,8,8,8,8,7,7,6,6,4,3,6,6,109,6.8125,367.875000
454,6,8,8,8,8,8,8,7,8,7,7,8,6,5,8,7,117,7.3125,394.875000
455,8,7,8,8,8,8,8,8,8,8,8,7,8,8,8,8,126,7.875,425.250000
456,8,8,8,8,8,8,8,8,8,8,8,8,7,8,8,8,127,7.9375,428.625000
457,6,8,8,8,8,8,8,8,8,8,8,6,7,6,6,5,116,7.25,391.500000
458,8,8,8,8,8,8,8,8,8,8,7,8,7,7,4,8,121,7.5625,408.375000
459,8,8,8,8,8,8,8,8,8,8,8,8,8,8,7,8,127,7.9375,428.625000
460,8,8,8,8,8,8,8,8,8,8,8,7,8,8,7,8,126,7.875,425.250000
461,8,8,8,8,8,8,8,8,8,8,8,8,6,7,7,6,122,7.625,411.750000
462,8,8,8,8,8,8,8,8,8,8,7,8,8,6,8,8,125,7.8125,421.875000
463,8,8,8,8,8,8,8,8,8,8,7,7,7,8,8,8,125,7.8125,421.875000
464,8,8,8,8,8,8,8,8,8,8,7,7,6,6,8,8,122,7.625,411.750000
465,6,8,8,8,8,8,8,8,8,8,8,8,6,5,6,8,119,7.4375,401.625000
466,8,8,8,8,8,8,8,8,8,8,8,8,6,7,7,8,124,7.75,418.500000
467,8,8,8,8,8,8,8,8,8,8,7,7,6,7,5,6,118,7.375,398.250000
468,8,8,8,8,8,8,8,8,8,8,7,7,8,8,7,6,123,7.6875,415.125000
469,8,8,8,8,8,8,8,8,8,6,8,8,8,8,7,8,125,7.8125,421.875000
470,8,8,8,8,8,8,8,8,8,8,6,8,8,6,6,6,120,7.5,405.000000
471,8,8,8,8,8,8,8,8,8,8,7,8,7,6,6,6,120,7.5,405.000000
472,8,8,8,8,8,7,8,8,7,7,4,7,5,5,5,4,107,6.6875,361.125000
473,7,8,8,8,7,8,8,8,8,5,6,7,4,4,6,4,106,6.625,357.750000
474,7,7,7,8,8,8,8,8,7,8,7,8,8,8,8,8,123,7.6875,415.125000
475,8,8,8,8,8,8,8,8,8,8,8,8,7,7,5,4,119,7.4375,401.625000
476,8,8,8,8,5,8,8,8,6,5,4,4,3,4,4,2,93,5.8125,313.875000
477,7,8,8,8,8,8,8,8,7,6,6,8,8,8,8,8,122,7.625,411.750000
478,8,8,8,8,8,8,8,8,8,8,8,8,7,7,6,5,121,7.5625,408.375000
479,8,8,8,8,8,8,8,8,8,8,8,8,7,7,6,5,121,7.5625,408.375000
480,7,8,8,8,8,8,8,8,8,6,5,7,5,4,5,5,108,6.75,364.500000
481,8,6,6,8,8,8,8,8,8,8,8,8,8,8,8,8,124,7.75,418.500000
482,8,8,8,8,8,8,8,8,8,8,7,8,6,7,7,8,123,7.6875,415.125000
483,8,8,8,8,8,8,8,8,8,8,8,8,7,6,7,8,124,7.75,418.500000
484,5,8,8,8,8,8,8,8,8,8,6,8,7,8,8,8,122,7.625,411.750000
485,8,8,8,8,8,8,8,8,8,8,7,7,4,4,7,8,117,7.3125,394.875000
486,8,8,8,8,8,8,8,8,7,8,5,7,6,5,8,6,116,7.25,391.500000
487,8,8,8,8,8,8,8,8,8,7,6,7,8,8,6,8,122,7.625,411.750000
488,8,8,8,8,8,8,8,8,8,8,8,7,5,6,7,8,121,7.5625,408.375000
489,8,8,8,8,8,8,8,8,8,7,8,8,5,6,6,6,118,7.375,398.250000
490,8,8,8,8,8,8,8,8,8,8,8,8,8,7,8,8,127,7.9375,428.625000
491,8,8,8,8,8,8,8,8,8,8,8,8,7,8,8,8,127,7.9375,428.625000
492,8,8,8,8,8,8,8,8,8,8,8,7,5,5,7,8,120,7.5,405.000000
493,6,8,8,8,8,8,8,8,8,8,7,7,8,8,8,8,124,7.75,418.500000
494,8,8,8,8,8,8,8,8,8,8,7,8,6,7,7,8,123,7.6875,415.125000
495,8,8,8,8,8,8,8,8,8,8,8,8,6,7,8,8,125,7.8125,421.875000
496,8,8,8,8,8,8,8,8,8,8,8,8,6,5,7,8,122,7.625,411.750000
497,7,8,8,8,8,8,8,8,8,8,8,8,8,7,8,8,126,7.875,425.250000
498,8,8,8,8,8,8,8,8,8,8,8,8,5,6,7,7,121,7.5625,408.375000
499,8,8,8,8,8,8,8,8,8,8,5,8,5,5,7,7,117,7.3125,394.875000
500,8,8,8,8,8,8,8,8,8,8,8,8,8,8,8,8,128,8.0,432.000000
501,8,8,8,8,8,8,8,8,8,8,8,8,6,8,7,8,125,7.8125,421.875000
502,8,8,8,8,8,8,8,8,8,8,8,8,6,4,5,7,118,7.375,398.250000
503,8,8,8,8,8,8,8,8,8,8,8,8,5,5,6,6,118,7.375,398.250000
504,8,8,8,8,8,8,8,8,8,8,8,8,5,6,6,5,118,7.375,398.250000
505,6,8,8,8,8,8,8,8,8,7,7,8,6,6,6,8,118,7.375,398.250000
506,8,8,8,8,8,8,8,8,8,8,7,7,5,5,5,6,115,7.1875,388.125000
507,8,8,8,8,8,8,8,8,8,7,7,8,8,8,8,8,126,7.875,425.250000
508,8,8,8,8,8,8,8,8,8,8,8,8,5,5,6,8,120,7.5,405.000000
509,8,8,8,8,8,8,8,8,8,6,6,6,4,3,7,8,112,7.0,378.000000
510,8,8,8,8,8,8,8,8,8,7,8,8,8,8,6,8,125,7.8125,421.875000
511,8,8,8,8,8,8,8,8,8,8,7,6,4,4,4,6,111,6.9375,374.625000
512,8,8,8,8,8,8,8,8,8,7,8,8,5,4,7,6,117,7.3125,394.875000
513,6,8,8,8,8,8,8,8,8,7,7,7,7,7,7,8,120,7.5,405.000000
514,8,8,8,8,8,8,8,8,8,8,8,8,7,7,7,7,124,7.75,418.500000
515,8,8,8,8,8,8,8,8,8,8,8,8,6,6,5,7,120,7.5,405.000000
516,8,8,8,8,8,8,8,8,8,7,7,8,4,3,7,8,116,7.25,391.500000
517,8,8,8,8,8,8,8,8,8,7,6,7,6,5,6,8,117,7.3125,394.875000
518,8,8,8,8,8,8,8,8,8,8,8,8,6,5,7,8,122,7.625,411.750000
519,8,8,8,8,8,8,8,8,8,7,8,7,8,8,8,8,126,7.875,425.250000
520,8,8,8,8,8,8,8,8,8,8,8,8,6,5,5,6,118,7.375,398.250000
521,7,8,8,8,8,8,8,8,8,8,8,8,6,5,6,8,120,7.5,405.000000
522,8,8,8,8,8,8,8,8,8,8,6,5,6,5,5,8,115,7.1875,388.125000
523,8,8,8,8,8,8,8,7,6,5,3,3,2,3,3,4,92,5.75,310.500000
524,8,8,8,8,8,8,8,8,8,7,5,4,4,5,5,5,107,6.6875,361.125000
525,8,8,8,8,8,8,7,6,8,4,3,4,3,4,4,4,95,5.9375,320.625000
526,8,8,8,8,8,8,8,8,8,8,5,6,5,6,6,8,116,7.25,391.500000
527,8,8,8,8,8,7,8,8,8,6,6,7,5,8,7,8,118,7.375,398.250000
528,8,8,8,8,8,8,8,8,8,8,7,8,5,5,8,8,121,7.5625,408.375000
529,5,8,8,8,8,8,8,8,8,8,8,8,6,7,8,7,121,7.5625,408.375000
530,6,6,6,8,8,8,8,8,8,8,8,8,4,5,6,8,113,7.0625,381.375000
531,8,8,8,8,8,8,8,8,8,7,6,6,3,4,4,6,108,6.75,364.500000
532,8,8,8,8,8,8,6,8,8,7,8,8,6,8,6,8,121,7.5625,408.375000
533,8,8,8,7,8,8,8,8,8,7,6,7,4,6,6,8,115,7.1875,388.125000
534,8,8,8,7,8,8,8,8,8,8,6,5,5,5,5,7,112,7.0,378.000000
535,8,8,8,8,8,8,8,8,8,8,5,6,5,6,6,6,114,7.125,384.750000
536,6,7,8,8,8,8,8,8,8,6,6,5,7,5,7,8,113,7.0625,381.375000
537,8,8,8,8,8,8,8,8,7,7,8,8,6,5,6,8,119,7.4375,401.625000
538,8,8,8,8,8,8,8,8,8,8,8,7,6,6,6,8,121,7.5625,408.375000
539,8,8,8,8,8,8,8,8,8,7,6,7,5,7,6,7,117,7.3125,394.875000
540,8,8,8,8,8,8,8,8,8,8,7,7,7,8,8,8,125,7.8125,421.875000
541,8,8,8,8,8,8,8,8,8,8,8,8,6,8,8,8,126,7.875,425.250000
542,8,8,8,8,8,8,8,8,8,7,8,8,6,6,5,6,118,7.375,398.250000
543,8,8,8,8,8,8,8,8,8,8,8,8,8,8,8,8,128,8.0,432.000000
544,8,8,8,8,8,8,8,8,8,8,6,8,8,8,8,8,126,7.875,425.250000
545,8,8,8,8,8,8,8,8,8,8,7,7,6,6,8,8,122,7.625,411.750000
546,7,8,8,8,8,8,8,8,8,8,8,8,8,8,8,8,127,7.9375,428.625000
547,8,8,8,8,8,8,8,8,8,8,8,8,5,7,8,8,124,7.75,418.500000
548,8,8,8,8,8,8,8,8,8,8,8,8,7,4,7,7,121,7.5625,408.375000
549,8,8,8,8,8,8,8,8,8,8,8,8,7,7,8,7,125,7.8125,421.875000
550,6,8,8,8,8,8,8,8,8,8,8,8,8,8,8,8,126,7.875,425.250000
551,8,8,8,8,8,8,8,8,8,8,8,8,8,8,8,8,128,8.0,432.000000
552,8,8,8,8,8,8,8,8,8,8,8,8,7,8,8,8,127,7.9375,428.625000
553,7,8,8,8,8,8,8,8,8,8,7,7,5,5,8,8,119,7.4375,401.625000
554,8,8,8,8,8,8,8,8,8,8,8,7,7,6,4,6,118,7.375,398.250000
555,6,8,8,8,8,8,8,8,8,8,7,8,7,7,8,8,123,7.6875,415.125000
556,8,8,8,8,8,8,8,8,8,8,8,8,6,4,8,8,122,7.625,411.750000
557,7,8,8,8,8,8,8,8,8,8,8,8,8,7,8,8,126,7.875,425.250000
558,8,8,8,8,8,8,8,8,8,8,6,7,5,7,6,8,119,7.4375,401.625000
559,8,8,8,8,8,8,8,8,8,8,8,8,6,5,5,7,119,7.4375,401.625000
560,8,8,8,8,8,8,8,8,8,7,7,6,8,6,7,8,121,7.5625,408.375000
561,8,8,8,8,8,8,8,8,8,8,5,6,6,7,7,7,118,7.375,398.250000
562,7,8,8,8,8,8,8,8,8,7,7,5,3,4,2,3,102,6.375,344.250000
563,4,8,8,8,8,8,8,8,7,7,5,4,3,3,4,3,96,6.0,324.000000
564,8,8,6,8,8,8,8,8,8,6,5,5,6,7,6,8,113,7.0625,381.375000
565,8,8,8,8,8,8,8,8,8,8,8,8,8,8,8,8,128,8.0,432.000000
566,8,8,8,8,8,8,8,8,8,8,6,6,6,6,8,8,120,7.5,405.000000
567,8,8,8,8,8,8,8,8,7,8,5,8,6,6,8,8,120,7.5,405.000000
568,8,8,8,8,8,8,8,8,8,7,7,6,8,8,7,8,123,7.6875,415.125000
569,8,8,8,8,8,8,8,8,8,7,6,8,8,7,7,7,122,7.625,411.750000
570,8,8,8,8,8,8,8,8,8,8,8,7,7,6,8,8,124,7.75,418.500000
571,8,8,8,8,8,8,8,8,8,8,8,8,7,8,8,8,127,7.9375,428.625000
572,8,8,8,8,8,8,8,8,8,8,8,8,7,8,8,8,127,7.9375,428.625000
573,8,8,8,8,8,8,8,8,8,8,6,7,5,5,8,8,119,7.4375,401.625000
574,8,8,8,8,8,8,8,8,8,7,6,6,6,7,8,8,120,7.5,405.000000
575,8,8,8,8,8,8,8,8,8,7,8,7,8,8,5,8,123,7.6875,415.125000
576,8,8,8,8,8,8,8,8,8,8,8,8,6,7,8,8,125,7.8125,421.875000
577,6,8,8,8,8,8,8,8,8,7,8,8,8,8,6,8,123,7.6875,415.125000
578,8,8,8,8,8,8,8,8,7,6,4,5,4,5,5,8,108,6.75,364.500000
579,8,8,8,8,8,8,7,7,6,5,3,3,2,2,3,4,90,5.625,303.750000
580,8,8,8,8,8,8,8,8,8,6,4,3,3,4,5,5,102,6.375,344.250000
581,8,8,8,8,8,8,8,7,7,6,3,5,4,5,4,4,101,6.3125,340.875000
582,8,8,8,8,8,8,8,8,8,8,6,7,5,6,6,8,118,7.375,398.250000
583,8,8,8,8,8,8,8,8,8,7,6,7,5,8,7,8,120,7.5,405.000000
584,8,8,8,8,8,8,8,8,8,6,7,6,4,5,8,8,116,7.25,391.500000
585,8,8,8,8,8,8,8,8,8,7,7,7,5,5,4,7,114,7.125,384.750000
586,8,8,8,8,8,8,8,8,8,7,7,7,4,5,5,6,113,7.0625,381.375000
587,8,8,8,8,8,8,8,8,8,7,7,8,6,5,5,6,116,7.25,391.500000
588,8,8,8,8,8,8,8,8,8,6,5,6,6,4,5,3,107,6.6875,361.125000
589,8,4,6,8,8,8,8,8,8,7,6,6,6,6,5,6,108,6.75,364.500000
590,8,8,8,8,8,8,8,8,8,8,8,8,4,5,5,6,116,7.25,391.500000
591,8,8,8,8,8,8,8,8,7,8,6,8,5,5,5,5,113,7.0625,381.375000
592,8,8,8,8,8,8,8,8,8,8,8,8,8,8,8,8,128,8.0,432.000000
593,8,8,8,8,8,8,8,8,8,8,8,7,5,8,6,5,119,7.4375,401.625000
594,8,8,8,8,8,8,8,8,8,6,7,6,5,4,5,5,110,6.875,371.250000
595,8,6,8,8,8,8,8,8,7,7,7,8,8,8,8,8,123,7.6875,415.125000
596,8,8,8,8,8,8,8,8,8,8,8,8,7,8,6,5,122,7.625,411.750000
597,8,8,8,8,8,8,8,8,8,6,7,8,6,3,7,7,116,7.25,391.500000
598,8,8,8,8,8,8,8,8,8,8,8,8,8,8,8,8,128,8.0,432.000000
599,8,8,8,8,8,8,8,8,8,7,6,7,6,6,7,8,119,7.4375,401.625000
600,8,8,8,8,8,8,8,8,8,7,7,6,4,5,8,8,117,7.3125,394.875000
601,6,8,8,8,8,8,8,8,8,8,8,7,5,5,6,8,117,7.3125,394.875000
602,8,8,8,8,8,8,8,8,8,8,7,6,3,5,4,6,111,6.9375,374.625000
603,8,8,8,8,8,8,8,8,8,8,7,8,5,8,5,8,121,7.5625,408.375000
604,8,8,8,8,8,8,8,8,8,8,8,8,5,6,7,8,122,7.625,411.750000
605,8,8,8,8,8,8,8,8,8,6,5,6,5,4,8,8,114,7.125,384.750000
606,8,8,8,8,8,8,8,8,8,8,8,5,8,8,8,8,125,7.8125,421.875000
607,8,8,8,8,8,8,8,8,8,8,8,8,7,6,6,8,123,7.6875,415.125000
608,8,8,8,8,8,8,8,8,8,8,8,8,7,6,7,8,124,7.75,418.500000
609,8,8,8,8,8,8,8,8,8,8,6,8,6,6,6,7,119,7.4375,401.625000
610,8,8,8,8,8,8,8,8,8,8,8,7,7,8,8,8,126,7.875,425.250000
611,8,8,8,8,8,8,8,8,8,8,8,8,7,6,8,7,124,7.75,418.500000
612,8,8,8,8,8,8,8,8,8,7,8,7,7,8,8,8,125,7.8125,421.875000
613,8,8,8,8,8,8,8,8,8,8,8,8,7,8,8,8,127,7.9375,428.625000
614,8,8,8,8,8,8,8,8,8,8,8,8,7,8,8,8,127,7.9375,428.625000
615,8,8,8,8,8,8,8,8,8,7,6,6,5,4,8,8,116,7.25,391.500000
616,8,8,8,8,8,8,8,8,8,8,8,7,7,8,7,8,125,7.8125,421.875000
617,8,8,8,8,8,8,8,8,8,7,7,8,4,6,6,8,118,7.375,398.250000
618,8,8,8,8,8,8,8,8,8,7,6,7,5,6,5,7,115,7.1875,388.125000
619,8,8,8,8,8,8,8,8,8,7,5,6,5,5,5,6,111,6.9375,374.625000
620,6,7,8,8,8,8,8,8,8,6,7,6,7,7,8,8,118,7.375,398.250000
621,8,8,8,8,8,8,8,8,8,7,5,5,5,6,5,8,113,7.0625,381.375000
622,8,8,8,8,8,8,8,8,7,6,3,3,3,2,4,4,96,6.0,324.000000
623,8,8,8,8,8,8,8,8,8,7,3,3,4,5,5,6,105,6.5625,354.375000
624,8,8,8,8,8,8,8,8,7,6,4,4,4,5,5,5,104,6.5,351.000000
625,8,8,8,8,8,8,8,8,8,8,8,8,6,6,7,8,123,7.6875,415.125000
626,8,8,8,8,8,8,8,8,8,8,7,7,5,8,7,8,122,7.625,411.750000
627,8,8,8,8,8,8,8,8,8,7,7,6,4,5,8,8,117,7.3125,394.875000
628,8,8,8,8,8,8,8,8,8,8,8,7,5,5,4,5,114,7.125,384.750000
629,8,8,8,8,8,8,8,8,8,6,6,7,4,5,5,7,112,7.0,378.000000
630,8,8,8,8,8,8,8,8,8,6,6,6,6,5,7,8,116,7.25,391.500000
631,8,8,8,8,8,8,8,8,8,8,7,7,6,7,6,8,121,7.5625,408.375000
632,8,8,8,8,8,8,8,8,8,8,7,6,5,6,7,8,119,7.4375,401.625000
633,8,8,8,8,8,8,8,8,8,8,6,8,7,6,7,7,121,7.5625,408.375000
634,6,8,8,8,8,8,8,8,8,6,7,6,7,6,7,8,117,7.3125,394.875000
635,8,8,8,8,8,8,8,8,8,8,8,8,6,7,6,7,122,7.625,411.750000
636,8,8,8,8,8,8,8,8,8,6,7,8,6,5,5,6,115,7.1875,388.125000
637,8,8,8,8,8,8,8,8,8,8,8,8,5,5,7,6,119,7.4375,401.625000
638,8,8,8,8,8,8,8,8,8,8,8,7,6,6,7,7,121,7.5625,408.375000
639,8,8,8,8,8,8,8,8,8,6,6,7,5,5,8,8,117,7.3125,394.875000
640,8,8,8,8,8,8,8,8,8,7,7,7,7,7,8,8,123,7.6875,415.125000
641,8,8,8,8,8,8,8,8,8,8,8,8,5,7,7,8,123,7.6875,415.125000
642,8,8,8,8,8,8,8,8,8,8,8,8,8,8,8,8,128,8.0,432.000000
643,8,8,8,8,8,8,8,8,8,8,8,8,5,8,8,8,125,7.8125,421.875000
644,8,8,8,8,8,8,8,8,8,7,7,7,5,5,8,8,119,7.4375,401.625000
645,8,8,8,8,8,8,8,8,8,7,8,8,8,7,7,8,125,7.8125,421.875000
646,6,8,8,8,8,8,8,8,8,8,8,8,8,8,8,8,126,7.875,425.250000
647,8,8,8,8,8,8,8,8,8,8,7,7,5,7,7,8,121,7.5625,408.375000
648,8,8,8,8,8,8,8,8,8,6,6,6,4,8,8,8,118,7.375,398.250000
649,8,8,8,8,8,8,8,8,8,8,8,8,5,8,8,8,125,7.8125,421.875000
650,8,8,8,8,8,8,8,8,8,6,6,5,4,4,8,8,113,7.0625,381.375000
651,8,8,8,8,8,8,8,8,8,8,8,7,5,5,6,8,119,7.4375,401.625000
652,8,8,8,8,8,8,8,8,8,7,6,6,3,5,5,6,110,6.875,371.250000
653,8,8,8,8,8,8,8,8,8,7,6,6,3,4,5,5,108,6.75,364.500000
654,7,8,8,8,8,8,8,8,8,7,6,7,5,6,5,7,114,7.125,384.750000
655,8,8,8,8,8,8,7,8,8,8,6,6,5,5,5,7,113,7.0625,381.375000
656,8,8,8,8,8,8,8,8,8,8,6,8,5,5,6,5,115,7.1875,388.125000
657,5,8,8,8,8,8,8,7,8,6,5,6,7,8,7,8,115,7.1875,388.125000
658,8,8,8,8,8,8,8,8,7,7,7,7,6,5,8,8,119,7.4375,401.625000
659,8,8,8,8,8,8,8,8,8,8,7,6,4,4,5,5,111,6.9375,374.625000
660,8,8,8,8,8,8,8,8,8,8,7,7,6,7,6,8,121,7.5625,408.375000
661,8,8,8,8,8,8,8,7,8,6,4,4,5,3,3,2,98,6.125,330.750000
662,8,8,8,8,8,8,8,8,8,6,6,7,7,8,7,8,121,7.5625,408.375000
663,8,8,8,8,8,8,8,8,8,8,8,8,6,7,8,8,125,7.8125,421.875000
664,8,8,8,8,8,8,8,8,8,7,5,6,6,8,8,7,119,7.4375,401.625000
665,8,8,8,8,8,8,8,8,8,8,6,7,7,8,6,8,122,7.625,411.750000
666,8,8,8,8,8,8,8,8,8,7,6,7,5,6,6,8,117,7.3125,394.875000
667,8,8,8,8,8,8,8,8,8,5,5,5,4,5,8,8,112,7.0,378.000000
668,8,8,8,8,8,8,8,8,8,8,8,6,5,8,6,8,121,7.5625,408.375000
669,8,8,8,8,8,8,8,8,8,7,7,7,6,7,6,8,120,7.5,405.000000
670,8,8,8,8,8,8,8,8,8,8,7,7,7,8,8,8,125,7.8125,421.875000
671,8,8,8,8,8,8,8,8,8,8,8,8,7,8,7,8,126,7.875,425.250000
672,6,8,8,8,8,8,8,8,8,7,8,8,8,8,8,8,125,7.8125,421.875000
673,8,8,8,8,8,8,8,8,8,7,6,5,5,5,5,8,113,7.0625,381.375000
674,8,8,8,8,8,8,8,8,8,6,3,3,3,2,5,5,99,6.1875,334.125000
675,8,8,8,8,8,8,8,8,8,8,4,3,4,3,5,5,104,6.5,351.000000
676,8,8,8,8,8,8,8,8,8,7,5,5,4,7,5,6,111,6.9375,374.625000
677,8,8,8,8,8,8,8,8,8,8,8,7,6,7,7,8,123,7.6875,415.125000
678,8,8,8,8,8,8,8,8,8,8,7,8,6,8,8,8,125,7.8125,421.875000
679,8,8,8,8,8,8,8,8,8,6,8,6,4,5,8,8,117,7.3125,394.875000
680,8,8,8,8,8,8,8,8,8,8,8,8,5,5,4,5,115,7.1875,388.125000
681,8,8,8,8,8,8,8,8,8,7,7,8,4,5,5,6,114,7.125,384.750000
682,8,8,8,8,8,8,8,8,8,6,7,6,4,5,5,6,111,6.9375,374.625000
683,8,8,8,8,8,8,8,8,8,7,6,6,5,6,7,7,116,7.25,391.500000
684,8,8,8,8,8,8,8,8,8,6,6,6,5,7,6,8,116,7.25,391.500000
685,8,8,8,8,8,8,8,8,8,7,6,4,4,5,7,8,113,7.0625,381.375000
686,8,8,8,8,8,8,8,8,8,6,6,5,4,6,8,8,115,7.1875,388.125000
687,8,8,8,8,8,8,8,8,8,8,8,7,5,7,8,8,123,7.6875,415.125000
688,8,8,8,8,8,8,8,8,6,6,5,6,5,8,8,8,116,7.25,391.500000
689,8,8,8,8,8,8,8,8,8,8,6,6,6,8,8,8,122,7.625,411.750000
690,8,8,8,8,8,8,8,8,8,8,7,6,5,4,5,8,115,7.1875,388.125000
691,8,8,8,8,8,8,8,8,8,8,5,5,4,5,5,6,110,6.875,371.250000
692,8,8,8,8,8,8,8,8,8,8,8,7,6,8,7,8,124,7.75,418.500000
693,8,8,8,8,8,8,8,8,8,8,5,6,5,5,5,6,112,7.0,378.000000
694,8,8,8,8,8,8,8,8,8,8,7,7,6,6,6,8,120,7.5,405.000000
695,8,8,8,8,8,8,8,8,8,8,6,7,5,6,6,7,117,7.3125,394.875000
696,8,8,8,8,8,8,8,7,8,8,7,7,5,6,6,7,117,7.3125,394.875000
697,8,8,8,8,8,8,8,8,8,8,6,6,4,6,4,5,111,6.9375,374.625000
698,8,8,8,8,8,8,8,8,8,8,6,6,7,8,7,8,122,7.625,411.750000
699,8,8,8,8,8,8,8,8,8,8,8,8,7,8,8,8,127,7.9375,428.625000
700,8,8,8,8,8,8,8,8,8,7,6,7,6,6,5,8,117,7.3125,394.875000
701,8,8,8,8,8,8,8,8,8,6,6,6,4,8,8,8,118,7.375,398.250000
702,8,8,8,8,8,8,8,8,8,8,8,8,5,8,8,8,125,7.8125,421.875000
703,7,8,8,8,8,8,8,8,8,7,6,5,5,4,4,6,108,6.75,364.500000
704,8,8,8,8,8,8,8,8,8,7,7,8,7,6,8,8,123,7.6875,415.125000
705,8,8,8,8,8,8,8,8,8,7,7,7,5,7,7,8,120,7.5,405.000000
706,8,8,8,8,8,8,8,8,8,8,8,8,5,8,8,8,125,7.8125,421.875000
707,6,8,8,8,8,8,8,8,8,7,7,7,6,4,7,8,116,7.25,391.500000
708,8,8,8,8,8,8,8,8,8,7,7,5,5,8,8,8,120,7.5,405.000000
709,8,8,8,8,3,8,8,8,8,6,6,5,5,5,8,8,110,6.875,371.250000
710,8,8,8,8,8,8,8,8,8,8,8,8,7,4,6,8,121,7.5625,408.375000
711,8,8,8,8,8,8,8,8,8,8,6,7,4,4,4,6,111,6.9375,374.625000
712,8,8,8,8,8,8,8,8,8,6,8,8,7,8,8,8,125,7.8125,421.875000
713,8,8,8,8,8,8,8,8,8,8,8,8,5,5,6,6,118,7.375,398.250000
714,8,8,8,8,8,8,8,8,8,7,7,6,8,7,6,8,121,7.5625,408.375000
715,8,8,8,8,8,8,8,8,8,8,5,6,6,4,7,7,115,7.1875,388.125000
716,6,8,8,8,8,8,8,7,7,6,6,7,7,7,6,8,115,7.1875,388.125000
717,8,8,8,8,8,8,8,8,8,8,7,8,7,6,5,8,121,7.5625,408.375000
718,8,8,8,8,8,8,8,7,6,7,7,6,8,8,7,8,120,7.5,405.000000
719,8,8,8,8,8,8,8,8,8,8,7,8,8,7,6,8,124,7.75,418.500000
720,8,8,8,8,8,8,8,8,8,8,8,8,8,6,6,8,124,7.75,418.500000
721,8,8,8,8,8,8,8,8,8,8,6,6,7,6,7,7,119,7.4375,401.625000
722,8,8,8,8,8,8,8,8,8,7,7,7,7,8,6,8,122,7.625,411.750000
723,8,8,8,8,8,8,8,8,8,8,7,5,5,7,5,5,114,7.125,384.750000
724,8,8,8,8,8,8,8,8,8,7,7,7,5,4,4,5,111,6.9375,374.625000
725,8,6,8,8,8,8,8,8,8,8,7,8,8,8,8,8,125,7.8125,421.875000
726,8,8,8,8,8,8,8,8,8,8,8,8,6,7,6,5,120,7.5,405.000000
727,8,8,8,8,8,8,8,8,8,7,7,8,7,3,6,7,117,7.3125,394.875000
728,8,8,8,8,8,8,8,8,8,8,8,8,8,7,8,8,127,7.9375,428.625000
729,8,8,8,8,8,8,8,8,8,7,6,4,4,5,6,8,112,7.0,378.000000
730,8,8,8,8,8,8,8,8,8,2,1,1,1,1,1,8,87,5.4375,293.625000
731,8,8,8,8,8,8,8,8,8,8,3,2,3,4,5,5,102,6.375,344.250000
732,8,8,8,8,8,8,8,8,8,7,5,5,4,7,5,6,111,6.9375,374.625000
733,8,8,8,8,8,8,8,8,8,8,8,8,7,7,7,8,125,7.8125,421.875000
734,8,8,8,8,8,8,8,8,8,8,7,8,6,8,7,8,124,7.75,418.500000
735,8,8,8,8,8,8,8,8,8,7,7,6,4,5,8,8,117,7.3125,394.875000
736,8,8,8,8,8,8,8,8,8,8,8,8,5,5,5,5,116,7.25,391.500000
737,8,8,8,8,8,8,8,8,8,7,8,8,5,5,5,6,116,7.25,391.500000
738,8,8,8,8,8,8,8,8,8,7,7,7,4,4,5,6,112,7.0,378.000000
739,8,8,8,8,8,8,8,8,8,7,7,6,5,5,7,8,117,7.3125,394.875000
740,8,8,8,8,8,8,8,8,8,8,7,6,6,7,8,8,122,7.625,411.750000
741,8,8,8,8,8,8,8,8,8,8,6,7,6,7,8,8,122,7.625,411.750000
742,7,8,8,8,8,8,8,8,8,6,6,7,5,6,7,8,116,7.25,391.500000
743,8,8,8,8,8,8,8,8,8,8,8,8,7,7,8,8,126,7.875,425.250000
744,8,8,8,8,8,8,8,8,8,7,7,6,6,8,7,8,121,7.5625,408.375000
745,8,8,8,8,8,8,8,8,8,7,8,4,4,5,8,8,116,7.25,391.500000
746,8,8,8,8,8,8,8,8,8,8,7,7,5,8,8,8,123,7.6875,415.125000
747,8,8,8,8,8,8,8,8,8,8,8,6,6,8,8,8,124,7.75,418.500000
748,8,8,8,8,8,8,8,8,7,6,6,7,8,7,8,8,121,7.5625,408.375000
749,8,8,8,8,8,8,8,8,8,8,7,7,7,8,8,8,125,7.8125,421.875000
750,8,8,8,8,8,8,8,8,8,8,7,6,5,4,5,7,114,7.125,384.750000
751,8,8,8,8,8,8,8,8,8,8,6,6,4,5,5,5,111,6.9375,374.625000
752,8,8,8,8,8,8,8,8,8,8,8,6,6,6,6,8,120,7.5,405.000000
753,8,8,8,8,8,8,8,8,8,8,8,8,7,8,7,7,125,7.8125,421.875000
754,8,8,8,8,8,8,8,8,8,8,6,7,7,6,5,6,117,7.3125,394.875000
755,8,8,8,8,8,8,8,8,8,8,5,6,6,6,6,7,116,7.25,391.500000
756,6,7,8,8,8,8,8,8,8,7,8,7,8,7,8,8,122,7.625,411.750000
757,8,8,8,8,8,8,8,8,8,7,7,8,8,6,7,8,123,7.6875,415.125000
758,8,8,8,8,8,8,8,8,8,8,8,8,8,8,8,8,128,8.0,432.000000
759,8,8,8,8,8,8,8,8,8,8,6,7,6,7,8,8,122,7.625,411.750000
760,6,8,8,8,8,8,8,8,8,8,6,6,7,7,7,8,119,7.4375,401.625000
761,8,8,8,8,8,8,8,8,8,8,8,8,8,7,6,8,125,7.8125,421.875000
762,8,8,8,8,8,8,8,8,8,8,8,6,4,6,7,4,115,7.1875,388.125000
763,8,8,8,8,8,8,8,8,8,8,8,6,5,5,5,5,114,7.125,384.750000
764,8,8,8,8,8,8,8,8,8,7,8,7,7,7,7,8,123,7.6875,415.125000
765,8,8,8,8,8,8,8,8,8,8,8,6,6,6,8,8,122,7.625,411.750000
766,8,8,8,8,8,8,8,8,8,7,7,8,6,7,8,8,123,7.6875,415.125000
767,8,8,8,8,8,8,8,8,8,7,6,7,7,4,6,8,117,7.3125,394.875000
768,8,8,8,8,8,8,8,8,8,8,8,8,5,5,7,5,118,7.375,398.250000
769,8,8,8,8,8,8,8,8,8,7,7,7,8,8,6,8,123,7.6875,415.125000
770,8,8,8,8,8,8,8,8,8,8,6,5,5,6,7,8,117,7.3125,394.875000
771,8,8,8,8,8,8,8,8,8,8,7,8,7,6,8,7,123,7.6875,415.125000
772,5,8,8,8,8,8,8,8,8,7,8,6,7,8,8,8,121,7.5625,408.375000
773,8,8,8,8,8,8,8,8,8,8,6,5,4,5,6,8,114,7.125,384.750000
774,8,8,8,8,8,8,8,8,8,1,1,1,1,1,1,6,84,5.25,283.500000
775,8,8,8,8,8,8,8,8,8,7,4,3,4,4,5,5,104,6.5,351.000000
776,8,8,8,8,8,8,8,8,8,7,6,5,5,8,6,6,115,7.1875,388.125000
777,8,8,8,8,8,8,8,8,8,8,8,8,6,8,7,8,125,7.8125,421.875000
778,8,8,8,8,8,8,8,8,8,8,8,8,6,8,8,8,126,7.875,425.250000
779,8,8,8,8,8,8,8,8,8,7,8,6,4,5,8,8,118,7.375,398.250000
780,8,8,8,8,8,8,8,8,8,8,8,8,5,5,5,5,116,7.25,391.500000
781,8,8,8,8,8,8,8,8,8,8,8,8,6,5,6,6,119,7.4375,401.625000
782,8,8,8,8,8,8,8,8,8,8,8,7,6,7,8,8,124,7.75,418.500000
783,8,8,8,8,8,8,8,8,8,8,8,8,7,6,7,6,122,7.625,411.750000
784,8,8,8,8,8,8,8,8,8,8,5,6,6,5,8,8,118,7.375,398.250000
785,8,7,7,8,8,8,8,8,8,7,6,7,7,6,7,7,117,7.3125,394.875000
786,8,7,8,8,8,8,8,8,8,8,8,6,6,8,8,8,123,7.6875,415.125000
787,8,8,8,8,8,8,8,8,8,8,8,8,7,6,8,8,125,7.8125,421.875000
788,8,8,8,8,8,8,8,8,8,8,8,8,7,6,7,8,124,7.75,418.500000
789,8,8,8,8,8,8,8,8,8,8,8,7,7,8,8,8,126,7.875,425.250000
790,8,8,8,8,8,8,8,8,8,7,7,6,7,7,8,8,122,7.625,411.750000
791,8,8,8,8,8,8,8,8,8,8,7,7,5,7,8,8,122,7.625,411.750000
792,8,8,8,8,8,8,8,8,8,7,8,8,8,8,8,8,127,7.9375,428.625000
793,8,8,8,8,8,8,8,8,8,8,7,7,6,5,8,8,121,7.5625,408.375000
794,8,8,8,8,8,8,8,8,8,8,8,8,7,7,8,8,126,7.875,425.250000
795,8,8,8,8,8,8,8,8,8,8,7,7,7,6,6,8,121,7.5625,408.375000
796,8,8,8,8,8,8,8,8,8,8,8,8,8,6,8,8,126,7.875,425.250000
797,8,8,8,8,8,8,8,8,8,8,7,8,8,7,7,8,125,7.8125,421.875000
798,8,8,8,8,8,8,8,8,8,8,6,8,7,8,7,8,124,7.75,418.500000
799,6,8,8,8,8,8,8,8,8,7,7,7,7,8,8,8,122,7.625,411.750000
800,8,8,8,8,8,8,8,8,8,8,7,6,5,5,5,8,116,7.25,391.500000
801,8,8,8,8,8,8,8,8,8,8,6,6,5,4,4,5,110,6.875,371.250000
802,8,8,8,8,8,8,8,8,8,7,6,7,7,8,8,8,123,7.6875,415.125000
803,8,8,8,8,8,8,8,8,8,7,6,6,4,4,8,8,115,7.1875,388.125000
804,8,8,8,8,8,8,8,8,8,8,7,7,8,6,8,8,124,7.75,418.500000
805,8,8,8,8,8,8,8,8,8,7,6,7,7,7,7,8,121,7.5625,408.375000
806,8,8,8,8,8,8,8,8,8,8,8,6,5,5,8,8,120,7.5,405.000000
807,6,8,8,8,8,8,8,8,8,8,8,8,6,6,7,8,121,7.5625,408.375000
808,8,8,8,8,8,8,8,8,8,8,7,6,4,5,5,5,112,7.0,378.000000
809,8,8,8,8,8,8,8,8,8,8,8,8,7,8,8,8,127,7.9375,428.625000
810,8,8,8,8,8,8,8,8,8,8,7,8,6,5,6,7,119,7.4375,401.625000
811,8,8,8,8,8,8,8,8,8,8,7,8,5,5,7,6,118,7.375,398.250000
812,8,8,8,8,8,8,8,8,8,7,8,8,8,8,8,8,127,7.9375,428.625000
813,8,8,8,8,8,8,8,8,8,8,8,8,6,6,8,7,123,7.6875,415.125000
814,8,8,8,8,8,8,8,8,8,8,7,8,8,8,8,8,127,7.9375,428.625000
815,8,8,8,8,8,8,8,8,8,8,6,8,8,6,6,6,120,7.5,405.000000
816,8,8,8,8,8,8,8,8,8,8,6,8,8,7,8,8,125,7.8125,421.875000
817,8,8,8,8,8,8,8,8,8,8,8,6,6,7,8,8,123,7.6875,415.125000
818,8,8,8,8,8,8,8,8,8,8,7,6,6,6,7,8,120,7.5,405.000000
819,8,8,8,8,8,8,8,8,8,8,8,6,5,8,8,8,123,7.6875,415.125000
820,8,8,8,8,2,8,8,8,8,6,6,5,5,4,8,8,108,6.75,364.500000
821,8,8,8,8,8,8,8,8,8,8,7,6,6,6,8,8,121,7.5625,408.375000
822,8,8,8,8,8,8,8,8,8,8,7,7,8,8,5,8,123,7.6875,415.125000
823,8,8,8,8,8,8,8,8,8,8,8,7,5,7,6,7,120,7.5,405.000000
824,8,8,8,8,8,8,8,8,8,7,8,8,5,6,5,5,116,7.25,391.500000
825,8,7,8,8,8,8,8,8,8,8,8,8,8,8,8,8,127,7.9375,428.625000
826,8,8,8,8,8,8,8,8,8,8,8,8,8,8,8,8,128,8.0,432.000000
827,8,8,8,8,8,8,8,8,8,8,7,7,6,5,8,8,121,7.5625,408.375000
828,7,8,8,8,8,8,8,8,8,8,8,8,8,7,8,8,126,7.875,425.250000
829,8,8,8,8,8,8,8,8,8,8,8,8,5,6,7,7,121,7.5625,408.375000
830,8,8,8,8,8,8,8,8,8,6,6,5,5,5,8,8,115,7.1875,388.125000
831,7,8,8,8,8,8,8,8,8,8,8,8,8,8,8,8,127,7.9375,428.625000
832,8,8,8,8,8,8,8,8,8,8,6,4,4,6,6,8,114,7.125,384.750000
833,8,8,8,8,8,8,8,8,6,6,3,3,2,2,5,5,96,6.0,324.000000
834,8,8,8,8,8,8,8,8,8,8,3,3,4,4,5,6,105,6.5625,354.375000
835,8,8,8,8,8,8,8,8,8,7,5,6,5,8,6,6,115,7.1875,388.125000
836,8,8,8,8,8,8,8,8,8,8,8,8,6,8,8,8,126,7.875,425.250000
837,8,8,8,8,8,8,8,8,8,8,8,8,6,8,8,8,126,7.875,425.250000
838,8,8,8,8,8,8,8,8,8,8,8,6,4,5,8,8,119,7.4375,401.625000
839,8,8,8,8,8,8,8,8,8,8,8,8,5,5,5,5,116,7.25,391.500000
840,8,8,8,8,8,8,8,8,8,7,7,5,5,8,8,8,120,7.5,405.000000
841,7,8,8,8,8,8,8,8,8,8,7,8,4,5,5,5,113,7.0625,381.375000
842,8,8,8,8,8,8,8,8,8,6,7,8,6,8,7,8,122,7.625,411.750000
843,8,8,8,8,8,8,8,8,8,5,6,7,5,5,8,8,116,7.25,391.500000
844,8,8,8,8,8,8,8,8,8,8,8,7,8,8,7,8,126,7.875,425.250000
845,8,8,8,8,8,8,8,8,8,8,8,8,7,8,8,8,127,7.9375,428.625000
846,8,8,8,8,8,8,8,8,8,7,8,8,5,6,6,6,118,7.375,398.250000
847,8,7,8,8,8,8,8,8,8,8,8,8,7,8,8,8,126,7.875,425.250000
848,8,8,8,8,8,8,8,8,8,8,8,6,5,8,7,8,122,7.625,411.750000
849,8,8,8,8,8,8,8,8,8,8,7,7,6,6,7,7,120,7.5,405.000000
850,8,8,8,8,8,8,8,8,7,6,5,6,4,4,6,7,109,6.8125,367.875000
851,8,8,8,8,8,8,8,8,8,6,7,8,8,6,7,8,122,7.625,411.750000
852,8,8,8,8,8,8,8,8,7,7,6,6,5,4,6,8,113,7.0625,381.375000
853,6,8,8,8,8,8,8,7,8,8,8,8,7,5,8,8,121,7.5625,408.375000
854,8,8,8,8,8,8,8,8,8,8,8,8,7,6,5,7,121,7.5625,408.375000
855,8,8,8,8,8,8,8,8,8,8,8,8,7,6,6,7,122,7.625,411.750000
856,8,8,8,8,8,8,8,8,8,8,6,6,5,5,7,4,113,7.0625,381.375000
857,7,8,8,8,8,8,8,8,8,7,8,6,6,6,7,8,119,7.4375,401.625000
858,8,8,8,8,8,8,8,8,8,8,6,8,8,7,8,8,125,7.8125,421.875000
859,8,8,8,8,8,8,8,8,8,8,8,8,7,7,8,7,125,7.8125,421.875000
860,8,8,8,8,8,8,8,8,8,8,8,8,8,6,8,8,126,7.875,425.250000
861,8,8,8,8,8,8,8,8,8,8,7,6,7,8,8,8,124,7.75,418.500000
862,8,8,8,8,8,8,8,8,8,7,8,6,5,5,8,8,119,7.4375,401.625000
863,6,8,8,8,8,8,8,8,8,8,8,7,6,5,7,7,118,7.375,398.250000
864,8,8,8,8,8,8,8,8,8,7,8,8,8,8,8,8,127,7.9375,428.625000
865,8,8,8,8,8,8,8,8,8,8,8,8,8,6,7,6,123,7.6875,415.125000
866,8,8,8,8,8,8,8,8,8,8,6,6,6,6,6,8,118,7.375,398.250000
867,8,8,8,8,8,8,8,8,8,8,7,5,7,8,8,8,123,7.6875,415.125000
868,8,8,8,8,8,8,8,8,8,8,7,7,5,8,8,8,123,7.6875,415.125000
869,8,8,8,8,8,8,8,8,8,8,7,7,5,5,8,8,120,7.5,405.000000
870,6,8,8,8,8,8,8,8,8,8,8,8,8,8,8,8,126,7.875,425.250000
871,8,8,8,8,8,8,8,8,8,8,8,7,6,7,7,8,123,7.6875,415.125000
872,8,8,8,8,8,8,8,8,8,8,8,8,7,8,8,8,127,7.9375,428.625000
873,8,8,8,8,8,8,8,8,8,7,7,7,8,6,8,8,123,7.6875,415.125000
874,8,8,8,8,8,8,8,8,8,8,8,8,6,7,6,8,123,7.6875,415.125000
875,8,8,8,8,8,8,8,8,8,8,8,8,8,8,8,8,128,8.0,432.000000
876,8,8,8,8,8,8,8,8,8,8,7,7,5,7,7,8,121,7.5625,408.375000
877,8,8,8,8,8,8,8,8,8,8,7,7,5,5,8,8,120,7.5,405.000000
878,8,8,8,8,8,8,8,8,8,8,6,6,6,5,6,7,116,7.25,391.500000
879,8,8,8,8,8,8,8,8,8,8,8,8,8,8,7,8,127,7.9375,428.625000
880,8,8,8,8,8,8,8,8,8,8,6,5,5,6,6,8,116,7.25,391.500000
881,8,8,8,8,8,8,8,8,7,7,3,3,3,3,5,5,100,6.25,337.500000
882,8,8,8,8,8,8,8,8,8,8,4,3,4,5,5,6,107,6.6875,361.125000
883,8,8,8,8,8,8,8,8,8,7,6,6,5,8,6,6,116,7.25,391.500000
884,8,8,8,8,8,8,8,8,8,8,8,8,7,8,8,8,127,7.9375,428.625000
885,8,8,8,8,8,8,8,8,8,8,8,8,6,8,8,8,126,7.875,425.250000
886,8,8,8,8,8,8,8,8,8,7,8,6,4,5,8,8,118,7.375,398.250000
887,8,8,8,8,8,8,8,8,8,8,8,8,5,5,5,5,116,7.25,391.500000
888,8,8,8,8,8,8,8,8,8,8,8,8,5,5,6,6,118,7.375,398.250000
889,8,8,8,8,8,8,8,8,8,8,8,7,5,5,3,2,110,6.875,371.250000
890,7,8,8,8,8,8,8,8,8,8,8,8,7,6,8,8,124,7.75,418.500000
891,8,8,8,8,8,8,8,8,8,8,8,8,7,6,6,6,121,7.5625,408.375000
892,8,8,8,8,8,8,8,8,8,8,7,7,7,7,8,8,124,7.75,418.500000
893,8,8,8,8,8,8,8,8,8,8,7,8,7,6,5,6,119,7.4375,401.625000
894,8,8,8,8,8,8,8,8,8,8,7,6,6,8,8,8,123,7.6875,415.125000
895,8,8,8,8,8,8,8,8,8,8,8,8,6,6,7,7,122,7.625,411.750000
896,8,8,8,8,8,8,8,8,8,8,8,7,7,8,8,8,126,7.875,425.250000
897,8,8,8,8,8,8,8,8,8,8,8,8,8,8,8,8,128,8.0,432.000000
898,8,8,8,8,8,8,8,8,8,8,8,8,7,8,8,8,127,7.9375,428.625000
899,8,8,8,8,8,8,8,8,8,8,8,8,6,7,7,7,123,7.6875,415.125000
900,8,8,8,8,8,8,8,8,8,8,8,8,8,8,8,8,128,8.0,432.000000
901,8,8,8,8,8,8,8,8,8,8,8,8,8,8,8,8,128,8.0,432.000000
902,8,8,8,8,8,8,8,8,8,8,8,8,6,6,8,8,124,7.75,418.500000
903,7,8,8,8,8,8,8,8,8,8,8,8,8,8,8,8,127,7.9375,428.625000
904,8,8,8,8,8,8,8,8,8,8,8,8,8,8,8,8,128,8.0,432.000000
905,8,8,8,8,8,8,8,8,8,8,8,8,6,8,8,8,126,7.875,425.250000
906,7,8,8,8,8,8,8,8,8,8,7,7,5,4,8,8,118,7.375,398.250000
907,8,8,8,8,8,8,8,8,8,8,8,7,6,7,5,6,119,7.4375,401.625000
908,7,8,8,8,8,8,8,8,8,8,7,8,7,8,7,7,123,7.6875,415.125000
909,8,8,8,8,8,8,8,8,8,8,8,8,7,6,8,8,125,7.8125,421.875000
910,7,8,8,8,8,8,8,8,8,8,8,8,8,7,8,8,126,7.875,425.250000
911,8,8,8,8,8,8,8,8,8,8,7,7,7,7,8,8,124,7.75,418.500000
912,8,8,8,8,8,8,8,8,8,8,8,6,5,5,8,8,120,7.5,405.000000
913,6,8,8,8,8,8,8,8,8,8,8,8,6,6,7,7,120,7.5,405.000000
914,8,8,8,8,8,8,8,8,8,8,7,6,3,6,5,5,112,7.0,378.000000
915,8,8,8,8,8,8,8,8,8,8,8,8,7,8,7,8,126,7.875,425.250000
916,8,8,8,8,8,8,8,8,8,8,8,8,6,5,6,7,120,7.5,405.000000
917,8,8,8,8,8,8,8,8,8,8,7,8,5,5,7,7,119,7.4375,401.625000
918,7,8,8,8,8,8,8,8,8,8,8,8,8,8,8,8,127,7.9375,428.625000
919,8,8,8,8,8,8,8,8,8,8,8,8,6,6,7,7,122,7.625,411.750000
920,7,8,8,8,8,8,8,8,8,8,8,8,8,8,8,8,127,7.9375,428.625000
921,8,8,8,8,8,8,8,8,8,8,7,8,8,7,6,6,122,7.625,411.750000
922,8,8,8,8,8,8,8,8,8,8,8,8,7,6,7,8,124,7.75,418.500000
923,8,8,8,8,8,8,8,8,8,8,8,6,7,7,8,8,124,7.75,418.500000
924,8,8,8,8,8,8,8,8,8,8,8,8,6,5,6,6,119,7.4375,401.625000
925,8,8,8,8,8,8,8,8,8,8,6,6,8,8,8,8,124,7.75,418.500000
926,8,8,8,8,8,8,8,8,8,6,5,5,5,4,8,8,113,7.0625,381.375000
927,8,8,8,8,8,8,8,8,8,8,8,6,6,8,5,8,121,7.5625,408.375000
928,8,8,8,8,8,8,8,8,8,8,8,8,6,8,6,8,124,7.75,418.500000
929,8,8,8,8,8,8,8,8,8,8,6,5,5,6,6,8,116,7.25,391.500000
930,8,8,8,8,8,8,8,8,8,1,1,1,1,1,1,5,83,5.1875,280.125000
931,8,8,8,8,8,8,8,8,8,7,4,3,4,4,5,6,105,6.5625,354.375000
932,8,8,8,8,8,8,8,8,8,8,6,6,5,8,6,6,117,7.3125,394.875000
933,8,8,8,8,8,8,8,8,8,8,8,8,7,8,8,8,127,7.9375,428.625000
934,8,8,8,8,8,8,8,8,8,8,8,8,6,8,8,8,126,7.875,425.250000
935,8,8,8,8,8,8,8,8,8,7,8,6,4,5,8,8,118,7.375,398.250000
936,8,8,8,8,8,8,8,8,8,8,8,8,6,6,5,5,118,7.375,398.250000
937,8,8,8,8,8,8,8,8,8,8,8,6,8,8,8,8,126,7.875,425.250000
938,8,8,8,8,8,8,8,8,8,8,8,8,7,8,8,8,127,7.9375,428.625000
939,8,8,8,8,8,8,8,8,8,8,8,8,6,7,8,8,125,7.8125,421.875000
940,7,8,8,8,8,8,8,8,8,8,8,8,7,5,6,7,120,7.5,405.000000
941,8,8,8,8,8,8,8,8,8,8,8,8,6,5,6,7,120,7.5,405.000000
942,8,8,8,8,8,8,8,8,8,8,7,7,7,6,6,8,121,7.5625,408.375000
943,8,8,8,8,8,8,8,8,8,8,7,8,6,7,7,8,123,7.6875,415.125000
944,8,8,8,8,8,8,8,8,8,8,6,6,5,6,7,8,118,7.375,398.250000
945,8,8,8,8,8,8,8,8,8,8,8,8,8,8,8,4,124,7.75,418.500000
946,6,8,8,8,8,8,8,8,8,7,8,6,7,8,8,8,122,7.625,411.750000
947,8,8,8,8,8,8,8,8,8,8,8,7,5,7,8,8,123,7.6875,415.125000
948,8,8,8,8,8,8,8,8,8,8,6,7,6,5,6,8,118,7.375,398.250000
949,8,8,8,8,8,8,8,8,8,8,7,7,7,7,6,7,121,7.5625,408.375000
950,6,8,8,8,8,8,8,8,8,8,8,7,6,6,8,8,121,7.5625,408.375000
951,8,8,8,8,8,8,8,8,8,8,8,7,6,8,8,8,125,7.8125,421.875000
952,8,8,8,8,8,8,8,8,8,7,8,8,5,6,6,6,118,7.375,398.250000
953,8,8,8,8,8,8,8,8,8,8,8,8,8,8,8,8,128,8.0,432.000000
954,8,8,8,8,8,8,8,8,8,8,7,8,8,8,8,8,127,7.9375,428.625000
955,8,8,8,8,8,8,8,8,8,8,7,7,6,5,8,8,121,7.5625,408.375000
956,7,8,8,8,8,8,8,8,8,8,8,8,8,8,7,8,126,7.875,425.250000
957,8,8,8,8,8,8,8,8,8,8,8,7,5,8,8,8,124,7.75,418.500000
958,8,8,8,8,8,8,8,8,8,8,8,8,6,4,7,7,120,7.5,405.000000
959,8,8,8,8,8,8,8,8,8,8,8,8,6,6,7,7,122,7.625,411.750000
960,7,8,8,8,8,8,8,8,8,8,8,8,8,8,8,8,127,7.9375,428.625000
961,8,8,8,8,8,8,8,8,8,8,8,8,8,8,8,8,128,8.0,432.000000
962,8,8,8,8,8,8,8,8,8,8,8,8,5,8,8,8,125,7.8125,421.875000
963,7,8,8,8,8,8,8,8,8,8,7,7,5,4,8,8,118,7.375,398.250000
964,8,8,8,8,8,8,8,8,8,6,6,6,5,5,8,8,116,7.25,391.500000
965,8,8,8,8,8,8,8,8,8,7,7,7,8,8,6,8,123,7.6875,415.125000
966,8,8,8,8,8,8,8,8,8,8,8,8,4,6,6,7,119,7.4375,401.625000
967,8,8,8,8,8,8,8,8,8,6,7,6,5,5,8,8,117,7.3125,394.875000
968,7,8,8,8,8,8,8,8,8,7,8,8,8,6,8,8,124,7.75,418.500000
969,8,8,8,8,8,8,8,8,8,8,8,8,6,5,7,8,122,7.625,411.750000
970,8,8,8,8,8,8,8,8,8,6,7,7,5,4,6,8,115,7.1875,388.125000
971,7,8,8,8,8,8,8,8,8,8,8,8,8,8,8,8,127,7.9375,428.625000
972,8,8,8,8,8,8,8,8,8,7,6,5,4,6,6,8,114,7.125,384.750000
973,8,8,8,8,8,8,8,8,7,7,3,3,3,3,4,5,99,6.1875,334.125000
974,8,8,8,8,8,8,8,8,8,8,4,3,4,4,5,5,105,6.5625,354.375000
975,8,8,8,8,8,8,8,8,8,7,5,5,5,8,6,6,114,7.125,384.750000
976,8,8,8,8,8,8,8,8,8,8,8,8,7,8,8,8,127,7.9375,428.625000
977,8,8,8,8,8,8,8,8,8,8,8,7,6,8,8,8,125,7.8125,421.875000
978,8,8,8,8,8,8,8,8,8,7,8,6,4,5,8,8,118,7.375,398.250000
979,8,8,8,8,8,8,8,8,8,8,8,8,6,6,5,5,118,7.375,398.250000
980,8,8,8,8,8,8,8,8,8,7,7,6,5,8,8,8,121,7.5625,408.375000
981,7,8,8,8,8,8,8,8,8,8,7,8,5,5,6,6,116,7.25,391.500000
982,8,8,8,8,8,8,8,8,8,7,7,7,7,7,7,8,122,7.625,411.750000
983,8,8,8,8,8,8,8,8,8,6,7,6,7,8,7,8,121,7.5625,408.375000
984,8,8,8,8,8,8,8,8,8,8,7,8,6,4,7,8,120,7.5,405.000000
985,8,8,8,8,8,8,8,8,8,7,7,7,7,7,7,8,122,7.625,411.750000
986,8,8,8,8,8,8,8,8,8,7,7,5,6,8,7,7,119,7.4375,401.625000
987,8,8,8,8,1,8,8,8,8,5,5,5,5,4,8,8,105,6.5625,354.375000
988,8,8,8,8,8,8,8,8,8,8,8,6,8,8,7,8,125,7.8125,421.875000
989,8,8,8,8,8,8,8,8,8,7,8,8,4,6,5,8,118,7.375,398.250000
990,8,8,8,8,8,8,8,8,7,7,7,7,5,6,7,8,118,7.375,398.250000
991,7,8,8,8,8,8,8,8,8,5,8,8,7,8,8,8,123,7.6875,415.125000
992,8,8,8,8,8,8,8,8,8,7,7,7,6,8,8,8,123,7.6875,415.125000
993,8,8,8,8,8,8,8,8,8,5,6,6,5,5,8,8,115,7.1875,388.125000
994,8,8,8,8,8,8,8,8,8,8,8,8,8,8,8,8,128,8.0,432.000000
995,8,8,8,8,8,8,8,8,8,8,8,7,5,8,8,8,124,7.75,418.500000
996,8,8,8,8,8,8,8,8,8,8,8,8,5,6,6,6,119,7.4375,401.625000
997,8,8,8,8,8,8,8,8,8,8,8,8,8,8,8,8,128,8.0,432.000000
998,8,8,8,8,8,8,8,8,8,8,8,8,8,8,8,8,128,8.0,432.000000
